BatchID,Buffer Preparation Process:1 M NaOH Solution_Conductivity_1 (mS/cm),Buffer Preparation Process:1 M NaOH Solution_Conductivity_2 (mS/cm),Buffer Preparation Process:2 M Acetic Acid Solution_Conductivity (mS/cm),Buffer Preparation Process:2 M Acetic Acid Solution_pH (na),Buffer Preparation Process:4 M Urea Solution_Osmolality (mOsm/kg),Buffer Preparation Process:CM A Buffer_1X_Conductivity_1 (mS/cm),Buffer Preparation Process:CM A Buffer_1X_Conductivity_2 (mS/cm),Buffer Preparation Process:CM A Buffer_1X_pH_1 (na),Buffer Preparation Process:CM A Buffer_1X_pH_2 (na),Buffer Preparation Process:CM A Buffer_5X_Conductivity (mS/cm),Buffer Preparation Process:CM A Buffer_5X_pH (na),Buffer Preparation Process:CM B_Phenyl EQ Buffer_Conductivity_1 (mS/cm),Buffer Preparation Process:CM B_Phenyl EQ Buffer_Conductivity_2 (mS/cm),Buffer Preparation Process:CM B_Phenyl EQ Buffer_Conductivity_3 (mS/cm),Buffer Preparation Process:CM B_Phenyl EQ Buffer_Conductivity_4 (mS/cm),Buffer Preparation Process:CM B_Phenyl EQ Buffer_pH_1 (na),Buffer Preparation Process:CM B_Phenyl EQ Buffer_pH_2 (na),Buffer Preparation Process:CM B_Phenyl EQ Buffer_pH_3 (na),Buffer Preparation Process:CM B_Phenyl EQ Buffer_pH_4 (na),Buffer Preparation Process:Phenyl Fraction Adjust Buffer_Conductivity (mS/cm),Buffer Preparation Process:Phenyl Fraction Adjust Buffer_Filter integrity (psi),Buffer Preparation Process:Phenyl Fraction Adjust Buffer_pH (na),Buffer Preparation Process:Phenyl Wash 1 Solution_Conductivity (mS/cm),Buffer Preparation Process:Phenyl Wash 1 Solution_pH (na),Buffer Preparation Process:Phenyl Wash 2 Solution_Conductivity (mS/cm),Buffer Preparation Process:Phenyl Wash 2 Solution_pH (na),Buffer Preparation Process:Preparation Buffer 2_Conductivity (mS/cm),Buffer Preparation Process:Preparation Buffer 2_Filter integrity (psi),Buffer Preparation Process:Preparation Buffer 2_pH (na),Buffer Preparation Process:Preparation Solution 1_Conductivity_1 (mS/cm),Buffer Preparation Process:Preparation Solution 1_Conductivity_2 (mS/cm),Buffer Preparation Process:Preparation Solution 1_Filter integrity (psi),Buffer Preparation Process:Preparation Solution 1_pH_1 (na),Buffer Preparation Process:Preparation Solution 1_pH_2 (na),Buffer Preparation Process:Salting Buffer_Conductivity (mS/cm),Buffer Preparation Process:Salting Buffer_pH (na),Cleaning Verification Result in CM Chromatography:CIP_CM Chromatography system_Conductivity (uS/cm),Cleaning Verification Result in CM Chromatography:CIP_CM Chromatography system_pH (na),Cleaning Verification Result in CM Chromatography:CIP_CM column_Conductivity (uS/cm),Cleaning Verification Result in CM Chromatography:CIP_CM column_pH (na),Cleaning Verification Result in Phenyl Chromatography and Liquid Preparation:CIP_Phenyl Chromatography system_Conductivity (uS/cm),Cleaning Verification Result in Phenyl Chromatography and Liquid Preparation:CIP_Phenyl Chromatography system_pH (na),Cleaning Verification Result in Phenyl Chromatography and Liquid Preparation:CIP_Phenyl column_Conductivity (uS/cm),Cleaning Verification Result in Phenyl Chromatography and Liquid Preparation:CIP_Phenyl column_pH (na),Cleaning Verification Result in Refolding and Acidic Precipitation:CIP_High Speed Homogenizer_Conductivity (uS/cm),Cleaning Verification Result in Refolding and Acidic Precipitation:CIP_High Speed Homogenizer_pH (na),CM Chromatography:Asymmetry of the packed column (na),CM Chromatography:Bed Height of CM Resin (cm),CM Chromatography:CM chromatography_Yield Rate (%),CM Chromatography:CM chromatography_Yield_rhG_CSF (g),CM Chromatography:CM Eluate Pooling_Collected Fraction_End AU at A280 (AU),CM Chromatography:CM Eluate Pooling_Collected Fraction_End Fraction No (na),CM Chromatography:CM Eluate Pooling_Collected Fraction_Start AU at A280 (AU),CM Chromatography:CM Eluate Pooling_Collected Fraction_Start Fraction No (na),CM Chromatography:CM Eluate Pooling_Conductivity of pooled eluate (mS/cm),CM Chromatography:CM Eluate Pooling_pH of pooled eluate (na),CM Chromatography:CM Eluate Pooling_Volume of Pool Fraction (kg),CM Chromatography:Column performance_HETP (cm),CM Chromatography:Column mesh usage times_including this batch (times),CM Chromatography:EQ_Conductivity after equilibration (mS/cm),CM Chromatography:EQ_pH after equilibration (na),CM Chromatography:OP_CM Fraction Storage Temperature_Maximum (Degree C),CM Chromatography:OP_CM Fraction Storage Temperature_Minimum (Degree C),CM Chromatography:OP_Holding Time of CM Fraction Storage (days),CM Chromatography:OP_Loading Capacity (mg/mL),CM Chromatography:OP_Max Fraction Collection_Excluding last fraction (CV),CM Chromatography:OP_Maximum Linear Velocity (cm/h),CM Chromatography:OP_Maximum Process temperature (Degree C),CM Chromatography:OP_Min Fraction Collection_Excluding last fraction (CV),CM Chromatography:OP_Minimum Linear Velocity (cm/h),CM Chromatography:OP_Minimum Process temperature (Degree C),CM Chromatography:OP_Process Time_from loading to elution (hours),CM Chromatography:OP_Room Temperature after operation (Degree C),CM Chromatography:OP_Room Temperature before loading (Degree C),CM Chromatography:Resin usage times_including this batch (times),CM Chromatography:Resin used period (years),Final Bulk Filling:Filtration and filling_Filter Integrity Test (mL/min),Final Bulk Filling:Filtration and filling_Final Volume (kg),Final Bulk Filling:Filtration and filling_Flow Rate During Filtration (mL/min),Final Bulk Filling:Filtration and filling_Process Time (hours),Final Bulk Filling:Filtration and filling_Room temp after operation (Degree C),Final Bulk Filling:Filtration and filling_Room temp before operation (Degree C),Final Bulk Filling:Filtration and filling_Yield Rate (%),Final Bulk Filling:Filtration and filling_Yield_rhG_CSF (g),Phenyl Chromatography and Liquid Preparation:BatchID,Phenyl Chromatography and Liquid Preparation:Asymmetry of the packed column (na),Phenyl Chromatography and Liquid Preparation:Bed Height of Phenyl Resin (cm),Phenyl Chromatography and Liquid Preparation:Column performance_HETP (cm),Phenyl Chromatography and Liquid Preparation:Column mesh usage times_including this batch (times),Phenyl Chromatography and Liquid Preparation:Eluate adjustment_Adjusted eluate storage temperature_Maximun (Degree C),Phenyl Chromatography and Liquid Preparation:Eluate adjustment_Adjusted eluate storage temperature_Minimun (Degree C),Phenyl Chromatography and Liquid Preparation:Eluate adjustment_Holding time of adjusted phenyl eluate storage (Days),Phenyl Chromatography and Liquid Preparation:Eluate pooling_Collected Fraction_End AU at A280 (AU),Phenyl Chromatography and Liquid Preparation:Eluate pooling_Collected Fraction_End fraction No (na),Phenyl Chromatography and Liquid Preparation:Eluate pooling_Collected Fraction_Start AU at A280 (AU),Phenyl Chromatography and Liquid Preparation:Eluate pooling_Collected Fraction_Start fraction No (na),Phenyl Chromatography and Liquid Preparation:Eluate pooling_Conductivity of pooled eluate (mS/cm),Phenyl Chromatography and Liquid Preparation:Eluate pooling_pH of pooled eluate (na),Phenyl Chromatography and Liquid Preparation:Eluate pooling_Volume of Pool Fraction (kg),Phenyl Chromatography and Liquid Preparation:EQ_Conductivity after equilibration (mS/cm),Phenyl Chromatography and Liquid Preparation:EQ_pH after equilibration (na),Phenyl Chromatography and Liquid Preparation:Liquid preparation_Cond after pH adjustment_After preparation sol 1 adding (mS/cm),Phenyl Chromatography and Liquid Preparation:Liquid preparation_Final conductivity after Preparation Buffer 2 adding (mS/cm),Phenyl Chromatography and Liquid Preparation:Liquid preparation_Final pH after Preparation Buffer 2 adding (na),Phenyl Chromatography and Liquid Preparation:Liquid preparation_Final Volume (kg),Phenyl Chromatography and Liquid Preparation:Liquid preparation_pH after pH adjustment_After preparation sol 1 adding (na),Phenyl Chromatography and Liquid Preparation:Liquid preparation_Process time (hours),Phenyl Chromatography and Liquid Preparation:Liquid preparation_Room temp after operation (Degree C),Phenyl Chromatography and Liquid Preparation:Liquid preparation_Room temp before operation (Degree C),Phenyl Chromatography and Liquid Preparation:Liquid preparation_Starting conductivity (mS/cm),Phenyl Chromatography and Liquid Preparation:Liquid preparation_Starting pH (na),Phenyl Chromatography and Liquid Preparation:Liquid preparation_Yield Rate (%),Phenyl Chromatography and Liquid Preparation:Liquid preparation_Yield_rhG_CSF (g),Phenyl Chromatography and Liquid Preparation:OP_Loading Capacity (mg/mL),Phenyl Chromatography and Liquid Preparation:OP_Maximun Buffer Temperature_wash to elution (Degree C),Phenyl Chromatography and Liquid Preparation:OP_Maximun fraction volume of eluate collection_Excluding last fraction (CV),Phenyl Chromatography and Liquid Preparation:OP_Maximun Linear Velocity (cm/h),Phenyl Chromatography and Liquid Preparation:OP_Minimun Buffer Temperature_wash to elution (Degree C),Phenyl Chromatography and Liquid Preparation:OP_Minimun fraction volume of eluate collection_Excluding last fraction (CV),Phenyl Chromatography and Liquid Preparation:OP_Minimun Linear Velocity (cm/h),Phenyl Chromatography and Liquid Preparation:OP_Process Time (hours),Phenyl Chromatography and Liquid Preparation:OP_Room temperature after operation (Degree C),Phenyl Chromatography and Liquid Preparation:OP_Room temperature before loading (Degree C),Phenyl Chromatography and Liquid Preparation:phenyl chromatography_Yield Rate (%),Phenyl Chromatography and Liquid Preparation:phenyl chromatography_Yield_rhG_CSF (g),Phenyl Chromatography and Liquid Preparation:Resin usage times_including this batch (times),Phenyl Chromatography and Liquid Preparation:Resin used period (years),Phenyl Chromatography and Liquid Preparation:Salting_Conductivity of loading solution (mS/cm),Phenyl Chromatography and Liquid Preparation:Salting_pH of loading solution (na),Refolding and Acidic Precipitation:AP filtration_Apply Solution Storage Temperature_Maximun (Degree C),Refolding and Acidic Precipitation:AP filtration_Apply Solution Storage Temperature_Minimun (Degree C),Refolding and Acidic Precipitation:AP filtration_Filtrate pH (na),Refolding and Acidic Precipitation:AP filtration_Final Temperature (Degree C),Refolding and Acidic Precipitation:AP filtration_Holding Time of Apply Solution (days),Refolding and Acidic Precipitation:AP filtration_maximun flow rate during filtration (kg/min),Refolding and Acidic Precipitation:AP filtration_minimun flow rate during filtration (kg/min),Refolding and Acidic Precipitation:AP filtration_Process Time (hour),Refolding and Acidic Precipitation:AP filtration_Starting Temperature (Degree C),Refolding and Acidic Precipitation:AP filtration_Yield Rate (%),Refolding and Acidic Precipitation:AP filtration_Yield_rhG_CSF (g),Refolding and Acidic Precipitation:AP_Added amount of 1M NaOH Solution (mL/kg),Refolding and Acidic Precipitation:AP_Conductivity after 1M NaOH Solution (mS/cm),Refolding and Acidic Precipitation:AP_pH after added 2M Acetic acid Solution (na),Refolding and Acidic Precipitation:AP_Process Time (hour),Refolding and Acidic Precipitation:AP_Starting pH (na),Refolding and Acidic Precipitation:AP_Starting Temperature (Degree C),Refolding and Acidic Precipitation:Denaturation_Added amount of 1M NaOH Solution_No1 (mL/kg),Refolding and Acidic Precipitation:Denaturation_Added amount of 1M NaOH Solution_No2 (mL/kg),Refolding and Acidic Precipitation:Denaturation_Denaturation Time_No1 (hour),Refolding and Acidic Precipitation:Denaturation_Denaturation Time_No2 (hour),Refolding and Acidic Precipitation:Denaturation_Final pH_No1 (na),Refolding and Acidic Precipitation:Denaturation_Final pH_No2 (na),Refolding and Acidic Precipitation:Denaturation_Final Temperature_No1 (Degree C),Refolding and Acidic Precipitation:Denaturation_Final Temperature_No2 (Degree C),Refolding and Acidic Precipitation:Denaturation_IB Holding Time (days),Refolding and Acidic Precipitation:Denaturation_maximun temperature of IB Storage Condition (Degree C),Refolding and Acidic Precipitation:Denaturation_minimun temperature of IB Storage Condition (Degree C),Refolding and Acidic Precipitation:Denaturation_Starting conductivity_No1 (mS/cm),Refolding and Acidic Precipitation:Denaturation_Starting conductivity_No2 (mS/cm),Refolding and Acidic Precipitation:Denaturation_Starting pH_No1 (na),Refolding and Acidic Precipitation:Denaturation_Starting pH_No2 (na),Refolding and Acidic Precipitation:Denaturation_Starting Temperature_No1 (Degree C),Refolding and Acidic Precipitation:Denaturation_Starting Temperature_No2 (Degree C),Refolding and Acidic Precipitation:Denaturation_Temperature of Urea (Degree C),Refolding and Acidic Precipitation:Denaturation_Temperature of WFI (Degree C),Refolding and Acidic Precipitation:Refolding_Added amount of 2M Acetic acid Solution (mL/kg),Refolding and Acidic Precipitation:Refolding_Conductivity after added 2M Acetic acid Solution (mS/cm),Refolding and Acidic Precipitation:Refolding_Duration time of RO_DI transferred (minute),Refolding and Acidic Precipitation:Refolding_Final pH (na),Refolding and Acidic Precipitation:Refolding_Final Temperature (Degree C),Refolding and Acidic Precipitation:Refolding_IB Concentration (g/L),Refolding and Acidic Precipitation:Refolding_Mixing Rate (rpm),Refolding and Acidic Precipitation:Refolding_pH after added 2M Acetic acid Solution (na),Refolding and Acidic Precipitation:Refolding_Refolding Time (hour),Refolding and Acidic Precipitation:Refolding_Starting pH (na),Refolding and Acidic Precipitation:Refolding_Starting Temperature (Degree C),Refolding and Acidic Precipitation:Refolding_Yield Rate_Refolding Efficiency (%),Refolding and Acidic Precipitation:Refolding_Yield_rhG_CSF (g),Refolding and Acidic Precipitation:Temp Adjustment _Duration time (hour),Refolding and Acidic Precipitation:Temp Adjustment _Final temperature_before CM purification (Degree C),Refolding and Acidic Precipitation:Temp Adjustment _Initial temperature_before CM purification (Degree C),Refolding and Acidic Precipitation:Temp Adjustment _Setting agitation rate of driver (rpm),Refolding and Acidic Precipitation:Temp Adjustment _Setting temp of TCU (Degree C),Phenyl Chromatography and Liquid Preparation:N_plates,Phenyl Chromatography and Liquid Preparation:sqrt_N,Phenyl Chromatography and Liquid Preparation:as_deviation,Phenyl Chromatography and Liquid Preparation:productivity_index,Phenyl Chromatography and Liquid Preparation:space_efficiency,CM Chromatography:N_plates,CM Chromatography:sqrt_N,CM Chromatography:as_deviation,CM Chromatography:productivity_index,CM Chromatography:space_efficiency
CADB1801 and CAFB1801,96.1,86.5,1.82,2.1,401.0,1.28,1.37,5.3,5.5,6.3,5.5,10.9,11.1,10.9,11.7,5.5,5.4,5.5,5.5,1.1,55.0,4.0,11.2,7.4,0.8,7.3,0.17,55.0,4.0,0.16,0.16,54.0,3.5,3.4,88.0,5.4,1.2,7.0,3.6,9.0,1.0,7.0,2.0,9.0,1.64,6.86,0.9,13.8,80.2,119.7,0.194,13,0.136,2,8.37,5.26,73.015,0.0141,8,1.33,5.5,4.3,4.1,2.7,6.8,0.28,96.0,19.6,0.27,96.0,12.7,6.4,,,8,,5.7,51.6,1400.0,1.75,,,98.9,78.4,,1.6,34.0,0.029,8,4.5,4.0,1.74,,,,,0.498,4.92,8.621,11.5,5.4,0.163,0.156,4.01,51.82,4.02,2.07,,,0.498,4.92,101.8,79.3,2.3,19.8,0.029,96.0,19.2,0.027,96.0,3.55,,,65.0,77.8,8,,15.85,5.24,7.4,7.3,5.53,7.4,0.5,4.76,3.0,2.0,7.4,90.1,149.3,16.8,1.325,3.74,26.0,5.5,19.8,5.12,5.12,2.0,2.0,11.4,11.4,19.8,19.8,329.0,-68.3,-69.3,0.614,0.615,11.4,11.4,20.0,20.0,18.0,25.0,0.28,0.095,21.0,9.9,19.8,1.7,75.0,10.0,40.0,10.0,29.7,86.6,165.6,1.4,16.0,7.3,40.0,17.0,1172.4137931034481,34.240528516707336,0.6000000000000001,32.18609680570489,21.55172413793103,978.7234042553192,31.28455536291541,0.09999999999999998,30.971709809286253,64.47453255963894
CADB1802 and CAFB1802,95.4,95.5,1.85,2.2,395.0,1.4,1.35,5.5,5.5,6.3,5.4,12.0,11.9,12.1,12.1,5.5,5.5,5.5,5.5,1.11,50.0,3.9,11.9,7.3,0.8,7.3,0.18,50.0,4.0,0.16,0.16,52.0,3.4,3.4,87.7,5.4,1.2,7.02,7.17,8.06,1.26,6.99,1.53,8.0,1.98,6.74,1.0,13.8,81.01,103.7,0.2,12,0.132,2,8.93,5.29,66.927,0.0135,9,1.42,5.5,4.8,4.8,2.7,5.8,0.28,96.0,19.5,0.28,96.0,12.8,6.4,,,9,,7.9,42.23,1689.0,4.15,,,96.9,62.5,,1.8,34.0,0.032,9,4.0,4.0,0.8,,,,,0.556,4.92,8.813,11.4,5.5,0.18,0.177,4.09,42.434,4.02,1.72,,,0.556,4.92,99.7,64.5,1.9,19.5,0.03,96.0,19.1,0.02,96.0,3.5,,,62.4,64.7,9,,17.82,5.29,7.8,7.1,5.5,8.2,0.54,4.47,3.54,2.88,7.2,87.6,128.1,16.4,1.361,3.69,26.0,5.5,19.7,5.12,5.12,2.0,2.0,11.5,11.5,20.0,19.8,8.0,-68.0,-72.0,0.605,0.619,11.5,11.5,20.1,20.0,18.0,24.0,0.3,0.1018,24.0,10.11,19.7,1.7,75.0,10.0,40.0,10.0,29.9,80.2,146.1,1.5,16.0,7.1,40.0,16.0,1062.5,32.59601202601324,0.8,29.98833106393218,17.36111111111111,1022.2222222222223,31.972210155418132,0.0,31.972210155418132,74.07407407407408
CADB1803 and CAFB1803,97.5,96.2,1.78,2.1,400.0,1.35,1.37,5.5,5.5,6.3,5.4,11.5,11.6,11.5,11.9,5.5,5.5,5.5,5.5,1.08,51.0,4.0,11.8,7.3,0.8,7.3,0.16,52.0,4.0,0.17,0.17,52.0,3.4,3.4,88.6,5.5,1.56,6.74,2.74,8.93,1.58,6.87,1.22,8.58,,,1.0,13.8,80.4,103.1,0.186,12,0.136,2,1.6,5.3,66.966,0.0135,10,1.34,5.5,4.9,4.5,2.7,5.9,0.28,96.0,20.9,0.28,96.0,12.7,6.4,,,10,,8.8,40.6,1692.0,2.27,,,100.1,60.9,,1.8,34.0,0.032,10,4.0,4.0,0.8,,,,,0.544,4.89,8.832,11.8,5.5,0.18,0.172,4.08,40.831,4.04,1.62,,,0.544,4.89,97.7,60.8,1.9,22.1,0.03,96.0,18.9,0.02,96.0,3.5,,,60.4,62.3,10,,18.41,5.26,7.8,7.2,5.38,8.4,0.58,4.28,3.96,2.3,7.2,85.2,128.2,16.4,1.359,3.71,26.0,5.5,19.6,5.12,5.12,2.0,2.0,11.5,11.5,20.6,20.7,15.0,-68.0,-72.0,0.586,0.624,11.5,11.5,21.3,20.9,19.0,26.6,0.3,0.1011,23.0,9.96,19.6,1.7,75.0,10.0,40.0,10.0,29.8,77.8,150.4,1.5,16.0,7.2,40.0,16.0,1062.5,32.59601202601324,0.8,29.98833106393218,17.36111111111111,1022.2222222222223,31.972210155418132,0.0,31.972210155418132,74.07407407407408
CADB1901 and CAFB1901,95.0,91.0,1.86,2.2,387.0,1.37,1.39,5.4,5.4,6.3,5.4,12.0,11.8,11.7,11.9,5.4,5.4,5.4,5.4,1.11,50.0,4.0,11.4,7.1,0.8,7.2,0.17,50.0,4.0,0.16,0.16,51.0,3.5,3.4,86.8,5.4,2.29,6.95,2.91,9.26,1.42,6.99,1.21,7.7,1.79,6.8,1.0,13.8,90.6,119.8,0.238,13,0.128,2,9.38,5.33,73.074,0.0161,11,1.31,5.5,4.0,3.9,2.8,6.0,0.28,96.0,22.2,0.28,96.0,15.0,6.5,,,11,,5.1,50.52,1478.0,3.07,,,99.6,72.9,,1.4,34.0,0.0254,11,4.6,4.1,0.8,,,,,0.469,4.93,8.894,12.0,5.5,0.153,0.156,4.05,50.457,4.04,2.53,,,0.469,4.93,95.1,73.2,2.1,23.3,0.03,96.0,22.1,0.02,96.0,3.55,,,64.2,76.9,11,,18.61,5.22,7.4,7.4,5.46,7.4,0.58,4.71,3.77,2.5,7.5,86.3,132.3,16.4,1.304,3.68,26.0,5.5,19.9,5.12,5.12,2.0,2.0,11.6,11.6,19.8,19.5,9.0,-67.1,-73.4,0.618,0.632,11.5,11.5,19.1,19.8,20.0,20.0,0.3,0.096,22.0,9.9,19.9,1.8,75.0,10.0,40.0,10.0,30.4,84.5,153.2,1.2,15.0,7.4,40.0,17.0,1338.5826771653544,36.5866461590203,0.3999999999999999,35.123180312659485,28.121484814398205,857.1428571428572,29.277002188455995,0.0,29.277002188455995,62.11180124223603
CADB1902 and CAFB1902,95.0,95.0,1.74,2.1,399.0,1.36,1.33,5.5,5.4,6.0,5.4,11.6,11.6,11.7,11.6,5.5,5.5,5.5,5.5,0.93,50.0,3.9,11.1,7.2,0.8,7.2,0.16,49.0,4.1,0.15,0.15,50.0,3.5,3.4,86.5,5.4,1.22,6.9,1.96,9.36,0.57,6.74,1.12,8.78,1.48,6.55,0.9,13.5,87.9,125.5,0.21,14,0.168,3,9.34,5.35,71.742,0.0218,12,1.35,5.5,4.7,4.2,1.7,6.0,0.28,96.0,22.6,0.28,96.0,15.0,6.4,,,12,,5.6,59.66,1989.0,5.07,,,99.6,84.1,,1.1,35.0,0.0171,12,5.0,4.7,0.8,,,,,0.493,4.86,8.994,11.7,5.5,0.147,0.148,4.07,59.922,4.04,1.45,,,0.493,4.86,92.6,84.5,2.2,22.6,0.04,96.0,25.1,0.02,96.0,3.63,,,72.7,91.3,12,,17.38,5.25,7.7,7.4,5.5,7.7,0.58,4.62,4.02,3.5,7.4,84.0,142.8,16.4,1.419,3.71,24.0,5.5,19.9,5.0,5.0,2.0,2.0,11.5,11.5,20.0,20.0,222.0,-67.1,-73.4,0.585,0.599,11.5,11.5,21.0,21.0,20.0,22.6,0.3,0.0991,22.0,10.03,19.9,1.7,75.0,10.0,40.0,10.0,30.0,85.7,170.1,1.2,15.0,7.4,40.0,16.0,2046.7836257309941,45.24139283588641,0.10000000000000009,44.78897890752754,53.1632110579479,619.2660550458716,24.885056862419894,0.09999999999999998,24.636206293795695,41.70141784820684
CADB2001 and CAFB2001,94.0,100.0,1.79,2.3,400.0,1.31,1.38,5.5,5.4,6.4,5.5,12.0,11.9,11.8,11.8,5.5,5.5,5.5,5.5,1.06,50.7,4.0,11.0,7.3,0.8,7.4,0.16,50.2,4.0,0.17,0.17,50.7,3.5,3.5,89.0,5.4,1.79,7.0,2.08,8.97,0.88,6.43,0.66,6.43,1.49,6.18,1.7,13.9,92.4,137.3,0.226,14,0.166,3,9.51,5.25,73.819,0.0275,13,1.27,5.5,4.6,4.0,2.7,6.7,0.28,96.0,21.9,0.28,96.0,15.1,6.6,22.0,22.0,1,,6.79,53.1,2309.0,3.6,21.9,21.8,99.6,78.6,,1.1,34.2,0.0241,13,4.2,4.1,0.75,,,,,0.458,4.89,8.818,12.0,5.4,0.158,0.163,4.06,53.312,4.01,2.1,22.0,22.1,0.458,4.89,97.0,78.9,2.2,21.7,0.03,96.0,20.5,0.027,96.0,3.5,22.0,22.0,59.2,81.3,1,,16.83,5.22,7.5,6.9,5.5,7.4,0.42,4.79,4.04,2.48,7.5,84.8,148.6,16.4,1.252,3.68,24.0,5.5,19.9,5.25,5.12,2.0,2.0,11.5,11.5,21.0,21.6,10.0,-67.5,-72.8,0.572,0.577,11.5,11.4,21.1,21.1,20.6,22.4,0.3,0.1025,24.0,10.2,19.9,1.7,75.0,10.0,46.0,10.0,30.1,84.2,175.2,1.2,15.1,7.5,40.0,17.0,1419.0871369294607,37.67077298024903,0.10000000000000009,37.29406525044654,37.72161448509996,505.45454545454544,22.482316283126732,0.7,20.90855414330786,21.390374331550802
CADB2002 and CAFB2002,98.5,99.5,1.8,2.1,392.0,1.39,1.38,5.4,5.4,6.5,5.4,12.2,12.0,12.1,12.2,5.4,5.4,5.4,5.4,0.99,50.8,3.97,10.0,7.1,0.8,7.3,0.16,49.9,4.1,0.17,0.17,50.4,3.5,3.5,89.5,5.4,0.72,6.87,1.77,8.77,8.67,6.92,5.95,9.49,1.39,6.67,1.7,13.9,83.3,125.4,0.206,14,0.152,3,9.48,5.24,73.764,0.0275,14,1.36,5.4,4.6,3.9,2.7,6.8,0.28,96.0,23.1,0.28,96.0,14.7,6.6,21.9,22.1,2,,7.15,56.672,2267.0,3.7,22.0,22.0,98.3,83.9,,1.1,34.2,0.0241,14,4.9,4.0,0.74,,,,,0.465,4.96,8.969,12.0,5.4,0.152,0.153,4.0,56.872,4.01,1.4,22.2,22.2,0.465,4.96,98.4,85.3,2.3,22.9,0.031,96.0,21.9,0.027,96.0,3.6,21.9,22.2,69.2,86.7,2,,18.61,5.24,7.5,7.4,5.4,7.5,0.61,4.7,4.34,2.25,7.5,86.9,150.6,16.4,1.298,3.7,24.0,5.4,20.0,5.24,5.24,2.0,2.0,11.5,11.4,22.2,22.0,24.0,-67.5,-72.8,0.572,0.567,11.5,11.4,20.8,20.8,20.4,22.8,0.3,0.0936,25.0,10.1,19.9,1.8,75.0,10.0,42.0,10.0,30.1,83.9,173.3,1.1,15.1,7.5,40.0,17.0,1419.0871369294607,37.67077298024903,0.10000000000000009,37.29406525044654,37.72161448509996,505.45454545454544,22.482316283126732,0.7,20.90855414330786,21.390374331550802
CADB2003 and CAFB2003,95.0,94.0,1.86,2.1,387.0,1.34,1.32,5.4,5.5,6.4,5.4,11.9,11.8,11.8,11.9,5.4,5.4,5.4,5.4,1.1,50.9,4.0,11.3,7.4,0.8,7.3,0.17,50.5,4.0,0.16,0.16,51.8,3.4,3.4,88.3,5.4,1.06,6.83,1.92,9.16,1.26,7.03,1.09,8.79,1.66,6.38,1.3,13.9,89.2,121.7,0.186,14,0.172,3,9.88,5.23,73.751,0.0205,15,1.3,5.4,4.4,4.2,2.7,6.2,0.28,96.0,21.9,0.27,96.0,15.3,6.5,22.0,22.0,3,,8.15,51.7,2068.0,3.1,22.1,21.7,99.0,78.1,,1.5,34.2,0.0241,15,4.2,4.0,0.74,,,,,0.479,4.93,8.742,11.6,5.5,0.157,0.161,4.01,51.894,3.99,1.3,21.9,22.0,0.479,4.93,99.6,78.9,2.3,22.6,0.029,96.0,21.4,0.027,96.0,3.6,22.0,22.0,65.1,79.2,3,,17.8,5.24,8.1,7.5,5.4,8.1,0.66,4.13,3.25,2.35,7.5,86.5,136.4,16.4,1.302,3.7,24.0,5.5,20.0,5.24,5.24,2.0,2.0,11.5,11.5,22.6,22.4,9.0,-68.2,-73.2,0.626,0.656,11.5,11.5,22.4,22.2,20.7,24.8,0.32,0.0982,23.0,10.0,20.0,1.7,75.0,10.0,40.0,10.0,30.1,82.3,157.6,1.0,15.5,7.5,40.0,17.0,1419.0871369294607,37.67077298024903,0.5,35.78723433123658,27.662517289073307,678.0487804878048,26.03936981740927,0.30000000000000004,25.25818872288699,37.5234521575985
CADB2004 and CAFB2004,97.0,95.0,1.85,2.1,404.0,1.36,1.39,5.5,5.4,6.0,5.3,11.8,11.7,11.7,11.7,5.4,5.4,5.4,5.4,1.07,50.8,4.0,11.3,7.4,0.9,7.3,0.17,49.9,4.0,0.16,0.16,50.8,3.4,3.4,87.3,5.4,1.22,6.9,1.44,9.01,1.14,6.85,0.81,7.6,2.11,6.53,1.3,13.9,85.5,116.2,0.232,14,0.162,3,9.26,5.28,67.555,0.0205,16,1.32,5.5,4.2,4.2,2.7,6.2,0.28,96.0,22.6,0.27,96.0,14.8,6.5,22.1,22.2,4,,8.49,51.72,1724.0,2.8,22.1,22.3,98.9,76.5,,1.5,34.2,0.0241,16,4.4,3.7,0.74,,,,,0.491,4.92,8.755,11.5,5.4,0.156,0.15,3.99,51.921,3.99,1.7,21.9,21.9,0.491,4.92,97.6,77.4,2.1,21.8,0.029,96.0,21.6,0.027,96.0,3.5,21.9,22.0,68.2,79.2,4,,17.66,5.21,7.8,7.6,5.4,8.0,0.66,4.51,3.9,2.28,7.4,85.1,136.0,16.4,1.324,3.72,24.0,5.5,20.0,5.24,5.24,2.0,2.0,11.5,11.5,20.7,20.6,16.0,-73.2,-68.2,0.632,0.65,11.5,11.5,20.2,20.1,19.9,21.5,0.3,0.1058,24.0,9.8,20.0,1.7,75.0,10.0,40.0,10.0,29.5,82.4,159.7,1.1,15.4,7.6,40.0,17.0,1419.0871369294607,37.67077298024903,0.5,35.78723433123658,27.662517289073307,678.0487804878048,26.03936981740927,0.30000000000000004,25.25818872288699,37.5234521575985
CADB2005 and CAFB2005,91.0,91.0,1.73,2.3,390.0,1.35,1.34,5.5,5.5,5.9,5.4,11.7,11.7,11.7,11.7,5.4,5.4,5.4,5.4,1.01,51.9,4.0,10.7,7.2,0.8,7.4,0.16,50.8,4.0,0.15,0.16,49.8,3.5,3.5,84.9,5.4,0.89,6.91,1.8,8.99,1.02,6.89,0.75,8.32,1.26,6.23,1.1,13.9,82.9,132.0,0.22,14,0.154,3,9.4,5.23,73.736,0.0197,17,1.33,5.4,4.8,4.4,1.7,7.2,0.28,96.0,21.8,0.27,96.0,15.6,6.5,21.9,22.0,5,,7.73,53.19,1900.0,2.2,22.1,22.7,96.3,78.2,,1.2,34.2,0.0163,17,4.4,4.2,0.75,,,,,0.46,4.92,8.949,11.9,5.4,0.158,0.156,4.02,53.406,4.02,1.9,22.0,22.1,0.46,4.92,99.6,81.2,2.2,21.7,0.031,96.0,21.1,0.027,96.0,3.5,21.9,22.2,61.8,81.5,5,,18.73,5.19,7.8,7.6,5.4,8.0,0.7,4.74,4.39,2.1,7.5,89.7,159.1,16.0,1.225,3.936,24.0,5.5,20.0,5.12,5.12,2.0,2.0,11.5,11.5,21.0,20.7,10.0,-68.8,-73.5,0.558,0.571,11.5,11.5,20.0,19.9,20.5,19.8,0.32,0.0906,22.0,10.0,19.9,1.7,75.0,10.0,40.0,10.0,30.1,84.4,177.4,1.2,15.0,7.6,40.0,17.0,2098.1595092024545,45.80567114673089,0.19999999999999996,44.889557723796266,51.12474437627813,705.5837563451777,26.56282658801916,0.10000000000000009,26.297198322138968,46.14674665436087
CADB2006 and CAFB2006,95.0,94.0,1.74,2.1,394.0,1.32,1.32,5.4,5.4,6.7,5.4,11.6,10.9,11.4,11.4,5.4,5.4,5.4,5.4,1.02,49.2,4.0,11.0,7.3,0.8,7.4,0.16,50.2,4.0,0.15,0.16,52.0,3.5,3.4,82.5,5.5,0.86,6.78,1.53,9.27,0.7,6.99,0.91,7.36,1.42,5.91,1.1,13.9,91.3,126.1,0.25,14,0.162,3,9.09,5.21,73.722,0.0208,1,1.32,5.4,4.4,3.9,2.7,6.3,0.28,96.0,22.0,0.28,96.0,14.5,6.5,22.1,22.1,6,,8.04,54.26,2170.0,3.08,22.3,22.5,97.42,76.5,,1.3,34.2,0.0167,18,4.7,4.4,0.73,,,,,0.495,4.82,8.842,11.5,5.4,0.139,0.14,4.02,54.536,4.0,1.8,22.1,22.1,0.495,4.82,98.5,78.53,2.3,22.3,0.029,96.0,21.7,0.026,96.0,3.6,22.0,22.1,63.24,79.73,6,,16.64,5.22,7.8,7.4,5.46,7.8,0.6,4.7,4.56,2.32,7.5,82.1,138.1,16.4,1.233,3.73,26.0,5.5,19.9,5.24,5.24,2.0,2.0,11.5,11.5,20.0,20.1,114.0,-73.5,-66.3,0.592,0.578,11.5,11.5,20.8,20.5,18.6,21.9,0.31,0.097,27.0,10.1,19.9,1.7,75.0,10.0,40.0,10.0,30.2,85.2,168.3,1.1,15.0,7.4,40.0,17.0,2047.9041916167666,45.253775440473106,0.30000000000000004,43.89616217725891,46.06172270842929,668.2692307692308,25.85090386754844,0.10000000000000009,25.592394828872955,43.70629370629371
CADB2007 and CAFB2007,96.0,95.0,1.79,2.2,395.0,1.34,1.33,5.4,5.5,6.0,5.4,11.8,11.6,11.8,11.8,5.5,5.5,5.4,5.5,1.02,49.6,4.0,10.8,7.3,0.8,7.2,0.16,50.7,4.0,0.16,0.16,52.0,3.4,3.4,85.5,5.5,0.57,6.88,1.52,9.0,1.91,6.9,1.46,9.25,1.75,6.82,1.1,13.9,86.8,118.6,0.216,13,0.132,2,8.82,5.22,73.665,0.0208,2,1.36,5.5,4.3,4.2,2.7,6.2,0.28,96.0,22.9,0.27,96.0,14.8,6.4,22.1,22.1,7,,7.94,52.55,1752.0,2.07,22.2,22.3,100.29,76.7,,1.3,34.2,0.0167,19,4.6,4.5,1.7,,,,,0.526,4.85,8.761,11.9,5.5,0.15,0.146,4.1,52.761,4.0,1.7,21.9,22.2,0.526,4.85,95.02,76.5,2.2,22.1,0.029,96.0,21.9,0.027,96.0,3.6,22.0,22.0,67.89,80.51,7,,16.53,5.25,7.9,7.4,5.5,8.4,0.62,4.82,4.28,2.08,7.5,84.6,136.6,16.6,1.32,3.72,26.0,5.5,19.9,5.12,5.12,2.0,2.0,11.5,11.5,20.2,20.4,43.0,-69.8,-74.3,0.589,0.589,11.5,11.5,21.1,21.2,20.3,23.3,0.3,0.092,22.0,10.0,19.9,1.7,75.0,10.0,40.0,10.0,30.3,81.3,161.6,1.0,15.4,7.5,40.0,17.0,2047.9041916167666,45.253775440473106,0.30000000000000004,43.89616217725891,46.06172270842929,668.2692307692308,25.85090386754844,0.10000000000000009,25.592394828872955,43.70629370629371
CADB2102 and CAFB2102,93.0,90.0,1.72,2.2,404.0,1.34,1.34,5.5,5.4,6.0,5.4,11.6,11.6,11.3,11.6,5.4,5.4,5.5,5.5,1.0,49.8,4.0,11.0,7.1,0.8,7.2,0.16,52.0,4.0,0.16,0.15,51.6,3.4,3.4,85.7,5.5,3.37,6.88,1.56,8.61,2.16,6.96,0.79,8.43,1.95,6.27,1.1,13.9,74.6,114.3,0.28,13,0.166,3,8.58,5.28,67.653,0.017,3,1.37,5.4,5.1,4.8,0.9,6.9,0.28,96.0,21.1,0.28,96.0,14.7,6.5,21.9,22.0,8,,6.54,49.26,1642.0,2.83,22.1,22.4,96.86,70.93,,1.8,34.2,0.0246,20,4.8,4.8,0.5,,,,,0.55,4.89,8.755,11.9,5.5,0.16,0.156,4.02,49.479,4.0,1.7,22.0,21.9,0.55,4.89,96.92,73.23,2.1,21.1,0.03,96.0,20.9,0.027,96.0,3.5,22.6,22.2,66.08,75.56,8,,18.19,5.22,7.6,7.5,5.4,7.7,0.58,5.1,4.56,2.2,7.4,89.2,153.3,16.4,1.327,3.69,26.0,5.5,19.9,5.12,5.12,2.0,2.0,11.5,11.5,20.6,20.3,43.0,-67.5,-74.3,0.58,0.565,11.5,11.5,20.7,20.4,19.2,21.8,0.28,0.094,22.0,10.1,19.9,1.7,75.0,10.0,40.0,10.0,30.3,84.9,171.86,1.2,15.0,7.4,40.0,17.0,1390.2439024390244,37.2859746076058,0.8,34.30309663899733,22.58355916892502,817.6470588235294,28.594528477027374,0.10000000000000009,28.3085831922571,53.475935828877
CADB2103 and CAFB2103,94.0,96.0,1.73,2.2,398.0,1.35,1.34,5.4,5.4,6.1,5.4,11.5,11.6,11.5,11.5,5.5,5.4,5.5,5.4,0.94,51.9,4.0,10.5,7.1,0.8,7.2,0.17,50.9,4.0,0.16,0.16,55.4,3.4,3.5,88.0,5.4,0.45,6.93,1.67,8.25,0.72,6.26,1.09,7.2,1.0,6.32,0.9,13.9,68.55,102.75,0.28,12,0.132,2,8.92,5.26,67.6,0.0158,4,1.35,5.5,5.7,4.7,2.72,6.8,0.28,96.0,24.3,0.27,96.0,15.3,6.4,22.2,22.1,9,,7.95,47.77,1062.0,3.43,22.7,22.3,100.83,72.61,,1.1,35.0,0.0225,1,5.4,4.5,0.7,0.248,5.0,0.1,1.0,0.428,4.86,8.996,11.7,5.4,0.142,0.143,4.06,48.01,4.04,1.6,21.9,22.1,0.428,4.86,98.22,72.02,1.9,22.1,0.03,96.0,21.5,0.027,96.0,3.6,22.0,22.2,71.35,73.32,9,,17.94,5.26,7.7,7.4,5.4,7.7,0.6,4.66,4.44,2.08,7.5,86.67,149.89,16.4,1.385,3.73,26.0,5.5,19.9,5.24,5.24,2.0,2.0,11.5,11.5,22.2,22.2,108.0,-67.5,-74.4,0.644,0.63,11.5,11.5,21.3,21.8,21.6,22.7,0.28,0.111,23.0,10.1,19.9,1.7,75.0,10.0,40.0,10.0,30.0,86.47,172.94,1.0,15.4,7.4,40.0,17.0,1555.5555555555557,39.44053188733078,0.10000000000000009,39.04612656845747,40.40404040404041,879.7468354430379,29.660526553704972,0.09999999999999998,29.363921288167923,57.5373993095512
CADB2104 and CAFB2104,89.0,91.0,1.68,2.1,395.0,1.34,1.35,5.4,5.4,6.1,5.4,11.5,11.4,11.4,11.5,5.5,5.4,5.4,5.5,0.92,52.0,3.9,10.8,7.0,0.8,7.1,0.17,52.0,4.0,0.16,0.16,52.0,3.4,3.5,82.3,5.5,1.06,6.94,1.75,9.3,1.05,6.89,1.01,8.88,1.06,6.8,1.3,13.9,77.65,120.97,0.266,14,0.194,4,9.43,5.18,67.579,0.0164,5,1.37,5.3,6.1,4.5,2.7,7.1,0.28,96.0,22.0,0.27,96.0,14.3,6.4,22.1,22.0,10,,7.71,46.08,1772.0,3.4,22.3,22.1,100.21,69.12,,1.1,35.0,0.0169,2,5.2,4.4,0.7,0.324,5.0,0.1,1.0,0.463,4.8,8.896,12.0,5.4,0.151,0.153,3.99,46.292,3.99,2.1,22.1,22.1,0.463,4.8,97.41,68.98,1.9,22.5,0.03,96.0,21.6,0.025,96.0,3.6,22.1,22.0,67.32,70.81,10,,18.74,5.21,7.4,6.8,5.5,7.4,0.61,4.4,3.78,2.22,6.8,89.56,155.78,16.4,1.337,3.71,26.0,5.5,19.9,5.24,5.24,2.0,2.0,11.5,11.5,21.1,20.6,11.0,-67.2,-70.3,0.546,0.558,11.4,11.4,19.5,18.9,19.4,20.9,0.3,0.105,22.0,10.0,19.9,1.7,75.0,10.0,40.0,10.0,29.8,86.3,173.94,1.0,15.0,6.8,40.0,17.0,2071.0059171597636,45.508306023843204,0.10000000000000009,45.053222963604775,53.792361484669186,847.560975609756,29.112900501491705,0.30000000000000004,28.239513486446953,46.90431519699812
CADB2105 and CAFB2105,95.0,96.0,1.77,2.1,386.0,1.31,1.33,5.4,5.4,6.1,5.4,11.3,11.4,11.7,11.4,5.5,5.5,5.5,5.5,0.95,51.9,4.0,11.2,7.4,0.8,7.1,0.16,51.0,4.0,0.15,0.15,50.0,3.4,3.4,84.0,5.5,0.82,6.97,1.69,8.82,0.98,6.97,5.25,8.7,0.92,6.89,1.3,13.9,79.51,118.22,0.234,13,0.166,3,9.1,5.32,67.544,0.0164,6,1.27,5.4,5.3,4.5,2.7,6.8,0.28,96.0,23.2,0.27,96.0,15.3,6.4,22.2,22.1,11,,3.0,55.296,2048.0,2.28,21.9,22.4,98.34,82.39,,1.1,35.0,0.0169,3,4.3,4.2,0.7,0.42,5.0,0.1,1.0,0.509,4.91,9.007,11.8,5.4,0.143,0.143,4.05,55.483,4.03,2.5,22.0,22.1,0.509,4.91,98.85,83.78,2.1,21.2,0.03,96.0,21.1,0.027,96.0,3.6,22.2,21.9,71.69,84.76,11,,17.65,5.25,7.4,7.0,5.5,7.4,0.62,4.72,3.98,2.03,6.9,87.11,148.68,16.4,1.348,3.73,26.0,5.5,20.0,5.24,5.24,2.0,2.0,11.5,11.6,20.0,19.8,31.0,-67.3,-70.5,0.565,0.569,11.5,11.5,20.3,20.4,19.1,21.2,0.3,0.114,21.0,10.0,19.9,1.7,75.0,10.0,40.0,10.0,29.8,85.6,170.68,1.1,14.9,7.0,40.0,17.0,2071.0059171597636,45.508306023843204,0.10000000000000009,45.053222963604775,53.792361484669186,847.560975609756,29.112900501491705,0.30000000000000004,28.239513486446953,46.90431519699812
CADB2106 and CAFB2106,98.0,95.0,1.66,2.2,404.0,1.31,1.3,5.4,5.4,5.9,5.4,11.5,11.8,11.5,11.5,5.5,5.5,5.5,5.5,0.92,50.5,4.0,11.1,7.3,0.8,7.2,0.16,50.8,4.0,0.16,0.16,52.1,3.5,3.5,90.0,5.4,1.2,6.92,1.51,8.94,1.66,6.7,1.84,9.08,1.6,6.63,1.1,13.9,84.67,119.52,0.222,12,0.1,1,8.69,5.27,73.777,0.0155,7,1.38,5.5,4.6,4.1,2.7,6.3,0.3,96.0,22.4,0.26,96.0,14.4,6.4,21.9,22.1,12,,6.78,52.199,2087.96,2.67,22.3,22.4,99.61,77.78,,1.3,35.0,0.0194,4,4.9,4.9,0.7,0.528,5.0,0.1,1.0,0.479,5.03,9.247,11.6,5.5,0.146,0.147,4.14,52.402,4.04,2.3,22.1,22.2,0.479,5.03,97.62,78.08,2.1,21.9,0.03,96.0,21.5,0.028,96.0,3.7,22.1,22.1,66.92,79.99,12,,16.75,5.26,7.1,7.0,5.5,7.1,0.58,4.44,4.28,2.22,7.0,88.71,141.16,16.4,1.263,3.73,26.0,5.5,19.9,5.24,5.24,2.0,2.0,11.5,11.5,20.8,20.7,24.0,-67.4,-70.3,0.576,0.597,11.5,11.4,20.6,21.0,18.7,23.9,0.3,0.104,22.0,9.85,19.9,1.7,75.0,10.0,40.0,10.0,29.7,83.67,159.13,1.0,15.1,7.0,40.0,17.0,1804.1237113402062,42.47497747309828,0.30000000000000004,41.20072814890533,39.65107057890563,896.7741935483871,29.946188297484323,0.10000000000000009,29.64672641450948,58.651026392961874
CADB2107 and CAFB2107,94.0,96.0,1.72,2.2,391.0,1.3,1.29,5.4,5.4,6.0,5.4,11.8,11.8,11.2,11.4,5.4,5.4,5.4,5.4,0.93,51.8,4.0,11.1,7.3,0.8,7.1,0.16,50.8,4.0,0.16,0.16,52.1,3.4,3.4,85.7,5.4,1.02,7.02,5.07,9.18,0.75,6.98,1.93,8.57,1.79,6.78,1.1,13.9,74.69,107.24,0.24,12,0.132,2,8.87,5.31,67.444,0.0155,8,1.35,5.5,4.4,4.1,2.73,6.5,0.28,96.0,22.7,0.27,95.0,14.7,6.4,22.1,22.1,13,,1.32,46.985,2135.7,1.72,22.2,22.2,99.58,70.48,,1.3,35.0,0.0194,5,4.1,4.0,0.7,0.6,5.0,0.1,1.0,0.483,4.87,8.945,11.0,5.4,0.166,0.157,4.04,47.182,4.04,1.7,22.1,22.2,0.483,4.87,98.16,70.77,1.9,22.1,0.031,96.0,21.9,0.029,96.0,3.6,22.0,22.0,67.23,72.1,13,,16.99,5.21,7.2,6.8,5.4,7.2,0.63,4.68,4.24,2.02,6.9,88.18,143.57,16.4,1.253,3.69,26.0,5.4,20.0,5.24,5.24,2.0,2.0,11.5,11.5,23.0,22.6,31.0,-67.4,-70.2,0.535,0.585,11.5,11.5,23.2,23.2,19.5,26.1,0.3,0.106,22.0,10.11,19.9,1.7,75.0,10.0,40.0,10.0,30.0,89.77,162.81,1.0,14.6,6.8,40.0,17.0,1804.1237113402062,42.47497747309828,0.30000000000000004,41.20072814890533,39.65107057890563,896.7741935483871,29.946188297484323,0.10000000000000009,29.64672641450948,58.651026392961874
CADB2108 and CAFB2108,93.0,96.0,1.76,2.3,399.0,1.33,1.33,5.5,5.5,6.0,5.5,11.5,11.6,11.5,11.7,5.4,5.4,5.5,5.4,0.93,50.0,3.9,11.3,7.3,0.8,7.3,0.17,52.0,4.0,0.16,0.16,52.2,3.4,3.5,90.0,5.5,0.99,6.95,2.12,9.22,0.73,6.9,1.28,8.56,1.52,6.94,1.0,13.9,80.41,119.97,0.224,12,0.1,1,8.74,5.22,73.599,0.0139,9,1.22,5.4,4.3,4.3,2.8,6.7,0.28,96.0,22.3,0.28,96.0,15.1,6.4,21.8,21.4,14,,7.14,51.917,2076.68,2.17,21.8,22.9,96.3,75.8,,1.4,35.0,0.0192,6,4.4,4.0,0.7,0.672,5.0,0.1,1.0,0.517,4.92,8.974,11.9,5.5,0.157,0.155,4.13,52.129,4.0,2.1,22.1,22.0,0.517,4.92,98.67,78.71,2.2,21.9,0.029,96.0,21.5,0.026,96.0,3.6,22.0,22.0,66.5,79.78,14,,17.07,5.22,7.7,6.9,5.5,7.9,0.6,4.54,4.16,2.25,6.9,86.06,149.19,16.6,1.343,3.68,26.0,5.4,20.0,5.24,5.24,2.0,2.0,11.42,11.45,21.2,21.7,88.0,-66.6,-72.1,0.562,0.574,11.4,11.4,21.1,21.7,20.8,24.0,0.28,0.104,23.0,9.97,19.9,1.7,75.0,10.0,40.0,10.0,30.0,87.21,173.34,1.2,14.7,6.9,40.0,17.0,1822.9166666666667,42.69562819149833,0.3999999999999999,40.98780306383839,37.202380952380956,1000.0000000000001,31.622776601683796,0.0,31.622776601683796,71.94244604316548
CADB2109 and CAFB2109,95.0,96.0,1.74,2.2,404.0,1.34,1.32,5.4,5.5,5.9,5.4,11.8,11.5,11.8,11.6,5.4,5.5,5.5,5.4,0.91,52.0,3.9,11.1,7.4,0.8,7.2,0.16,50.6,4.0,0.16,0.15,50.9,3.4,3.4,86.3,5.5,0.81,6.88,3.23,9.26,0.79,6.84,0.98,7.24,2.02,6.91,1.0,13.9,75.54,110.11,0.226,12,0.132,2,9.53,5.27,67.55,0.0139,10,1.33,5.5,4.5,4.1,2.7,6.7,0.28,96.0,22.8,0.28,96.0,14.8,6.3,21.9,22.0,15,,,,,,,,,,,1.4,35.0,0.0192,7,4.8,4.3,0.7,0.576,5.0,0.1,1.0,0.467,4.83,9.159,11.6,5.5,0.152,0.152,4.04,47.907,4.02,1.4,22.0,22.0,0.467,4.83,97.42,71.38,2.0,21.8,0.031,96.0,21.4,0.028,96.0,3.6,22.0,21.9,66.55,73.27,15,,17.37,5.26,,,,,,,,,,,,,,,,,,,,,,,,,,,,,,,,,,,,,,,,,,,,,,,,,,,,,,,1822.9166666666667,42.69562819149833,0.3999999999999999,40.98780306383839,37.202380952380956,1000.0000000000001,31.622776601683796,0.0,31.622776601683796,71.94244604316548
CADB2201 and CAFB2201,96.0,95.0,1.73,2.2,402.0,1.34,1.35,5.4,5.4,6.1,5.4,11.5,11.8,11.7,11.8,5.5,5.5,5.5,5.4,0.94,52.0,4.0,11.1,7.4,0.8,7.4,0.16,50.9,4.0,0.15,0.15,51.9,3.5,3.5,84.3,5.5,2.7,6.93,2.73,8.6,1.25,6.91,1.3,8.01,2.74,6.51,1.0,14.0,76.65,112.23,0.236,12,0.13,2,8.85,5.28,68.019,0.0151,1,1.37,5.4,4.7,4.3,2.7,6.6,0.28,96.0,22.0,0.27,96.0,14.4,6.5,21.9,22.1,1,,6.02,55.283,1974.39,3.0,21.4,22.1,96.95,79.61,,1.1,35.0,0.02,1,4.5,3.3,0.7,0.218,5.0,0.1,1.0,0.485,4.88,9.096,11.9,5.5,0.152,0.15,4.03,55.479,4.03,1.4,22.0,22.0,0.485,4.88,96.96,82.11,2.0,22.0,0.03,96.0,21.4,0.028,96.0,3.6,22.0,22.0,75.45,84.68,1,,17.4,5.26,7.3,6.9,5.4,7.3,0.6,4.58,3.78,2.2,6.7,88.9,146.42,16.4,1.236,3.71,26.0,5.4,19.9,5.24,5.24,2.0,2.0,11.4,11.39,21.6,21.4,68.0,-66.7,-70.3,0.541,0.588,11.5,11.4,21.2,20.9,20.1,22.9,0.28,0.101,22.0,10.11,19.9,1.7,75.0,10.0,40.0,10.0,29.8,85.66,164.71,1.0,15.4,6.9,40.0,17.0,1750.0,41.83300132670378,0.10000000000000009,41.41467131343674,45.45454545454545,927.1523178807946,30.449175980324895,0.0,30.449175980324895,66.2251655629139
CADB2202 and CAFB2202,96.0,96.0,1.76,2.2,401.0,1.34,1.35,5.4,5.5,6.4,5.4,11.6,11.9,11.7,11.8,5.4,5.4,5.4,5.4,0.95,55.6,3.9,11.0,7.3,0.8,7.3,0.17,52.0,3.9,0.16,0.16,50.3,3.4,3.4,85.7,5.4,2.7,6.93,2.03,8.73,1.34,6.81,1.37,7.94,1.34,6.58,1.0,14.0,77.89,119.26,0.262,12,0.1,1,9.26,5.23,74.074,0.0135,2,1.35,5.4,4.7,4.3,2.7,6.9,0.28,96.0,23.0,0.28,96.0,15.3,6.6,21.9,22.1,2,,7.06,54.024,2000.89,3.17,22.4,22.2,98.79,82.12,,1.3,35.0,0.0205,2,4.4,3.6,0.7,0.3,5.0,0.1,1.0,0.528,4.87,9.015,12.1,5.4,0.17,0.169,4.04,54.326,4.03,2.1,22.0,22.1,0.528,4.87,100.33,83.12,2.1,23.0,0.029,96.0,21.8,0.027,96.0,3.7,22.0,22.1,69.47,82.85,2,,18.25,5.24,7.1,7.0,5.4,7.1,0.59,4.82,3.36,2.15,6.8,86.1,153.11,16.4,1.3,3.66,26.0,5.5,19.9,5.24,5.24,2.0,2.0,11.52,11.5,22.5,22.3,220.0,-66.75,-70.8,0.595,0.596,11.5,11.4,21.5,21.6,22.7,22.8,0.31,0.1139,23.0,10.04,20.0,1.7,75.0,10.0,40.0,10.0,29.6,87.4,177.82,1.0,15.1,7.0,40.0,17.0,1707.3170731707316,41.31969352706687,0.30000000000000004,40.08010272125486,37.5234521575985,1037.037037037037,32.20305943597653,0.0,32.20305943597653,74.07407407407406
CADB2204 and CAFB2204,97.0,98.0,1.79,2.3,404.0,1.33,1.35,5.3,5.4,6.5,5.4,11.9,11.8,11.8,11.8,5.4,5.5,5.5,5.5,1.04,51.8,3.9,11.5,7.2,0.8,7.3,0.16,52.0,3.9,0.16,0.16,52.0,3.5,3.4,86.2,5.5,1.78,6.81,1.79,8.19,2.72,6.85,0.78,8.67,3.82,5.69,0.9,14.0,73.67,109.35,0.236,12,0.13,2,9.42,5.23,72.774,0.0132,3,1.34,5.4,5.2,4.8,2.7,6.7,0.28,96.0,24.3,0.27,96.0,15.5,6.6,22.1,22.0,3,,7.04,53.66,2146.4,5.35,22.2,22.6,100.35,77.27,,1.4,35.0,0.0132,3,4.7,4.3,0.7,0.38,5.0,0.1,1.0,0.536,4.75,9.032,11.8,5.4,0.155,0.156,4.04,53.847,4.07,2.3,22.0,22.0,0.536,4.75,93.79,77.0,2.0,23.2,0.031,96.0,22.0,0.027,96.0,3.6,22.2,22.0,75.08,82.1,3,,18.22,5.25,7.0,6.8,5.4,7.3,0.55,4.39,3.82,2.22,6.9,90.66,148.44,16.6,1.309,3.72,24.0,5.4,20.0,5.24,5.24,2.0,2.0,11.5,11.5,21.4,21.0,277.0,-67.1,-69.3,0.595,0.599,11.4,11.4,21.6,21.7,20.0,24.5,0.32,0.1009,24.0,10.01,19.9,1.7,75.0,10.0,42.0,10.0,29.9,85.49,163.74,1.0,14.8,7.0,40.0,17.0,2651.5151515151515,51.49286505444372,0.3999999999999999,49.43315045226597,54.112554112554115,1060.6060606060605,32.566947363946475,0.09999999999999998,32.24127789030701,68.87052341597794
CADB2205 and CAFB2205,94.0,95.0,1.86,2.1,407.0,1.37,1.36,5.4,5.4,6.4,5.4,11.6,11.9,11.8,11.2,5.4,5.4,5.4,5.4,1.02,57.3,3.9,11.0,7.2,0.8,7.4,0.17,51.9,4.0,0.17,0.17,51.9,3.5,3.5,82.9,5.4,0.93,6.85,1.77,6.98,0.6,6.57,0.59,8.98,1.68,6.26,0.9,14.0,72.98,118.16,0.266,12,0.132,2,9.62,5.17,67.908,0.013,4,1.34,5.5,4.8,4.4,2.7,7.3,0.28,96.0,23.4,0.28,96.0,17.6,6.6,22.0,22.0,4,0.9,7.31,55.64,2060.74,2.87,21.8,22.1,98.33,81.23,,1.0,35.0,0.0155,4,4.8,4.3,0.7,0.172,5.0,0.1,1.0,0.465,4.84,9.103,12.1,5.4,0.161,0.16,4.01,55.818,3.96,1.8,22.0,22.0,0.465,4.84,96.96,82.61,2.1,22.4,0.029,96.0,21.8,0.027,95.0,3.6,21.9,21.9,72.11,85.2,4,0.92,18.65,5.12,7.0,7.0,5.4,7.0,0.62,4.52,3.98,2.28,6.9,90.11,161.92,16.4,1.262,3.68,24.0,5.5,19.9,5.12,5.12,2.0,2.0,11.51,11.5,20.6,20.9,340.0,-67.1,-69.3,0.577,0.564,11.5,11.4,20.6,20.3,21.8,21.9,0.31,0.1011,26.0,10.08,19.9,1.7,75.0,10.0,40.0,10.0,29.3,88.18,179.7,1.2,14.5,7.0,40.0,17.0,2258.064516129032,47.51909633114914,0.0,47.51909633114914,64.51612903225806,1076.923076923077,32.816506165694676,0.09999999999999998,32.48834110403773,69.93006993006992
CADB2301 and CAFB2301,97.0,97.0,1.8,2.1,410.0,1.35,1.35,5.4,5.5,6.1,5.4,12.1,12.0,11.8,11.7,5.4,5.5,5.5,5.4,0.96,51.0,4.0,10.9,7.1,0.8,7.4,0.18,51.9,4.1,0.16,0.16,50.8,3.4,3.4,86.0,5.4,0.45,6.85,1.79,8.56,0.47,6.95,0.5,9.08,1.329,6.08,1.0,14.0,75.74,121.14,0.264,12,0.13,2,9.18,5.26,67.906,0.0134,5,1.37,5.5,4.3,4.0,2.7,7.2,0.28,96.0,23.1,0.27,96.0,15.1,6.6,22.1,21.9,5,1.59,8.39,57.366,2124.67,2.57,21.3,21.3,98.12,79.62,,1.2,35.0,0.019,5,5.0,3.8,0.7,0.28,5.0,0.108,1.0,0.526,4.91,8.841,11.8,5.4,0.148,0.149,4.04,57.554,3.95,1.7,21.9,22.0,0.526,4.91,93.74,81.15,2.2,22.7,0.03,96.0,21.2,0.025,96.0,3.62,22.1,22.1,71.46,86.57,5,1.61,18.06,5.23,8.2,6.7,5.5,8.2,0.39,4.8,4.0,2.27,6.9,88.95,159.95,16.4,1.343,3.66,29.0,5.4,20.0,5.12,5.12,2.0,2.0,11.52,11.5,21.5,21.0,207.0,-63.7,-75.0,0.698,0.596,11.5,11.4,22.7,23.0,23.9,27.1,0.3,0.1031,23.0,9.98,19.9,1.7,75.0,10.0,42.0,10.0,30.0,87.06,179.83,1.4,14.6,6.7,40.0,17.0,1842.1052631578948,42.919753763947604,0.19999999999999996,42.06135868866865,43.85964912280702,1044.776119402985,32.32299675777271,0.0,32.32299675777271,74.62686567164178
CADB2302 and CAFB2302,93.0,98.0,1.82,2.1,386.0,1.35,1.34,5.4,5.4,6.2,5.4,11.9,12.0,11.9,11.7,5.4,5.4,5.5,5.4,0.94,52.0,4.0,11.3,7.4,0.8,7.4,0.16,50.6,4.1,0.16,0.16,51.9,3.5,3.5,87.0,5.5,0.61,6.96,1.53,7.07,0.81,6.96,0.59,8.84,0.982,6.08,1.0,14.0,79.13,124.26,0.262,12,0.132,2,9.39,5.26,67.904,0.0134,6,1.27,5.4,4.5,4.3,2.7,7.1,0.28,96.0,22.5,0.27,96.0,14.9,6.6,21.9,22.0,6,1.61,7.08,56.171,2246.84,3.85,21.4,21.3,99.58,79.71,,1.2,35.0,0.019,6,4.3,3.9,0.7,0.312,5.0,0.102,1.0,0.53,4.87,8.965,11.8,5.4,0.151,0.1506,4.03,56.367,4.01,1.5,22.1,22.1,0.5296,4.87,93.06,80.04,2.3,22.1,0.029,96.0,21.8,0.027,96.0,3.6,22.0,22.0,69.22,86.01,6,1.63,18.08,5.23,7.5,7.0,5.4,7.5,0.6,4.76,3.84,2.22,6.9,87.87,157.03,16.4,1.34,3.75,26.0,5.4,19.9,5.12,5.12,2.0,2.0,11.51,11.5,18.9,18.1,214.0,-63.7,-75.0,0.59,0.605,11.5,11.5,19.7,20.0,21.7,21.7,0.28,0.1067,23.0,9.97,19.9,1.7,75.0,10.0,40.0,10.0,29.8,86.15,178.7,1.1,14.5,7.0,40.0,17.0,1842.1052631578948,42.919753763947604,0.19999999999999996,42.06135868866865,43.85964912280702,1044.776119402985,32.32299675777271,0.0,32.32299675777271,74.62686567164178
CADB2303 and CAFB2303,99.0,99.0,1.79,2.2,412.0,1.34,1.37,5.4,5.4,6.2,5.4,12.0,11.8,11.8,11.8,5.4,5.4,5.4,5.4,0.93,52.0,3.9,11.5,7.2,0.8,7.4,0.17,52.0,4.0,0.16,0.16,52.0,3.5,3.4,87.4,5.4,0.87,6.71,1.66,9.12,0.57,6.44,0.42,8.21,1.092,6.38,1.0,14.0,77.04,104.45,0.248,11,0.1,1,9.11,5.25,67.91,0.0122,7,1.3,5.4,5.3,4.6,2.7,6.1,0.28,96.0,22.0,0.27,96.0,15.5,6.3,21.4,21.5,7,1.8,,,,,,,,,,1.1,35.0,0.0168,7,4.7,4.5,0.7,0.32,5.0,0.1,1.0,0.54,4.84,9.013,11.8,5.4,0.156,0.1547,4.06,49.958,4.0,1.5,21.7,21.3,0.5396,4.84,97.51,74.29,1.9,22.3,0.029,96.0,21.5,0.027,96.0,3.62,21.3,21.6,72.94,76.19,7,1.82,17.7,5.2,,,,,,,,,,,,,,,,,,,,,,,,,,,,,,,,,,,,,,,,,,,,,,,,,,,,,,,2083.3333333333335,45.64354645876384,0.10000000000000009,45.1871109941762,54.112554112554115,1147.5409836065573,33.87537429470791,0.0,33.87537429470791,81.9672131147541
CADB2304 and CAFB2304,100.0,95.0,1.8,2.1,409.0,1.37,1.38,5.4,5.4,6.2,5.4,12.0,11.9,11.9,11.9,5.4,5.4,5.4,5.4,1.05,50.8,3.9,11.4,7.4,0.8,7.4,0.16,52.0,4.0,0.16,0.16,52.0,3.5,3.4,88.1,5.4,0.4,6.97,1.48,7.9,0.63,5.95,0.51,8.19,1.092,6.23,1.0,14.0,75.92,106.08,0.264,11,0.1,1,9.25,5.29,67.825,0.0122,8,1.28,5.4,4.3,4.1,2.7,6.3,0.28,96.0,21.3,0.27,96.0,14.6,6.4,20.3,20.0,8,1.82,8.58,52.421,2096.84,2.28,21.2,22.0,99.22,72.92,,1.1,35.0,0.0168,8,4.6,3.6,0.7,0.37,5.0,0.108,1.0,0.551,4.9,8.952,11.8,5.4,0.161,0.1609,4.1,52.605,4.03,1.3,21.2,20.8,0.5506,4.9,91.49,73.49,2.0,21.3,0.03,96.0,21.0,0.026,96.0,3.58,20.7,20.9,75.72,80.33,8,1.84,17.71,5.2,7.8,7.2,5.4,7.8,0.6,4.71,3.94,2.23,7.2,87.74,139.72,16.4,1.351,3.62,26.0,5.4,20.2,5.36,5.36,2.0,2.0,11.52,11.53,21.2,21.2,108.0,-63.7,-73.0,0.6516,0.6471,11.4,11.5,21.6,21.7,19.1,25.2,0.3,0.113,22.0,10.05,20.2,1.7,75.0,10.0,40.0,10.0,30.0,88.66,159.23,1.1,14.6,7.3,40.0,17.0,2083.3333333333335,45.64354645876384,0.10000000000000009,45.1871109941762,54.112554112554115,1147.5409836065573,33.87537429470791,0.0,33.87537429470791,81.9672131147541
CADB2305 and CAFB2305,99.0,99.0,1.8,2.1,404.0,1.33,1.35,5.4,5.4,6.1,5.4,11.9,11.9,11.8,11.9,5.3,5.4,5.4,5.4,1.08,50.8,3.9,11.4,7.4,0.8,7.4,0.16,51.0,4.0,0.16,0.17,52.0,3.4,3.4,87.4,5.3,0.78,6.07,1.82,8.39,0.57,5.92,0.64,7.08,1.066,6.14,1.0,14.0,72.13,109.74,0.282,11,0.1,1,9.32,5.25,67.906,0.0122,9,1.37,5.5,5.0,4.1,2.7,6.8,0.28,96.0,21.2,0.28,96.0,15.4,6.5,20.9,20.4,9,1.86,7.78,51.83,2355.91,2.07,21.5,21.8,98.69,76.24,,1.1,35.0,0.0168,9,4.4,4.0,0.7,0.388,5.0,0.1,1.0,0.5239,4.99,9.268,11.8,5.5,0.163,0.163,4.12,52.025,4.05,1.5,21.2,21.2,0.5239,4.99,97.42,77.26,2.0,21.0,0.031,96.0,21.0,0.029,96.0,3.62,20.7,21.0,72.27,79.31,9,1.87,18.16,5.25,7.3,7.0,5.5,7.7,0.6,4.65,4.18,2.05,7.0,90.29,152.14,16.4,1.337,3.53,26.0,5.5,20.0,5.24,5.24,2.0,2.0,11.48,11.45,20.5,21.3,112.0,-64.0,-73.0,0.6278,0.6382,11.4,11.4,20.7,21.4,19.4,22.8,0.3,0.1147,25.0,10.22,20.0,1.7,75.0,10.0,40.0,10.0,29.9,88.44,168.51,1.3,14.5,7.0,40.0,17.0,2083.3333333333335,45.64354645876384,0.10000000000000009,45.1871109941762,54.112554112554115,1147.5409836065573,33.87537429470791,0.0,33.87537429470791,81.9672131147541
CADB2306 and CAFB2306,99.0,95.0,1.79,2.1,406.0,1.37,1.36,5.4,5.4,5.9,5.4,11.8,11.8,12.0,11.8,5.4,5.4,5.4,5.4,0.98,52.0,3.9,11.3,7.2,0.8,7.3,0.17,52.0,4.0,0.16,0.16,58.3,3.4,3.4,87.9,5.4,0.44,6.79,1.27,8.77,0.67,6.5,0.34,8.02,1.102,6.22,1.0,14.0,72.47,111.21,0.282,11,0.1,1,9.35,5.35,67.643,0.0122,10,1.37,5.5,4.9,4.6,2.7,6.9,0.28,96.0,21.5,0.26,96.0,15.5,6.5,20.8,21.3,10,1.88,6.86,49.481,2249.14,1.98,21.1,20.6,96.92,73.58,,1.1,35.0,0.0168,10,4.5,3.9,0.6,0.468,5.0,0.1,1.0,0.5723,4.89,9.004,11.9,5.5,0.165,0.1626,4.1,49.653,4.13,2.8,20.1,20.9,0.5723,4.89,100.15,75.92,2.0,21.8,0.029,96.0,21.1,0.027,96.0,3.6,21.2,21.6,68.17,75.8,10,1.89,17.99,5.26,7.3,6.9,5.5,7.3,0.64,4.73,3.92,2.03,7.0,89.81,153.45,16.4,1.338,3.65,26.0,5.5,20.0,5.24,5.24,2.0,2.0,11.49,11.45,21.5,21.7,119.0,-64.0,-73.0,0.6534,0.6217,11.4,11.4,22.0,22.0,19.1,25.4,0.3,0.1102,23.0,10.09,19.9,1.7,75.0,10.0,40.0,10.0,30.0,87.4,170.86,1.4,14.5,7.0,40.0,17.0,2083.3333333333335,45.64354645876384,0.10000000000000009,45.1871109941762,54.112554112554115,1147.5409836065573,33.87537429470791,0.0,33.87537429470791,81.9672131147541
CADB2401 and CAFB2401,98.43,99.23,1.786,2.19,395.0,1.356,1.356,5.41,5.42,6.199,5.34,12.01,11.79,11.85,11.84,5.47,5.52,5.5,5.47,0.9433,52.0,4.03,11.31,7.39,0.8206,7.41,0.1654,52.6,3.92,0.1634,0.1631,52.6,3.38,3.36,87.85,5.37,0.88,6.41,2.07,8.01,0.77,6.36,0.71,7.42,1.304,6.1,1.0,14.0,70.57,109.63,0.3111,12,0.1831,3,9.448,5.2,61.246,0.01224,11,1.339,5.39,4.4,4.4,2.7,6.98,0.28,96.0,21.7,0.27,96.0,14.9,6.57,20.7,20.4,11,2.19,7.51,53.043,2121.72,2.48,20.5,21.4,99.49,75.48,,1.3,35.0,0.0189,11,4.1,4.0,0.7,0.5501,5.0,0.1,1.0,0.5611,4.93,8.924,11.9,5.5,0.1616,0.1647,4.08,53.28,4.06,1.2,20.1,20.1,0.5611,4.93,93.26,75.87,2.0,21.3,0.029,96.0,20.2,0.026,96.0,3.55,20.5,20.4,74.2,81.35,11,2.2,16.97,5.29,6.7,6.3,5.38,6.7,0.6,4.8,4.2,2.32,6.2,90.52,155.35,16.4,1.35,3.67,26.0,5.46,19.9,5.24,5.24,2.0,2.0,11.55,11.5,19.0,19.1,218.0,-64.0,-73.9,0.6121,0.6185,11.4,11.4,19.3,19.7,18.8,20.4,0.28,0.112,27.0,10.26,19.9,1.73,75.0,10.04,40.0,10.04,29.0,87.87,171.62,1.4,14.5,6.1,40.0,17.0,1851.8518518518517,43.03314829119352,0.30000000000000004,41.74215384245771,40.700040700040695,1143.7908496732027,33.81997707972616,0.0,33.81997707972616,81.69934640522877
CADB2402 and CAFB2402,98.0,97.0,1.78,2.2,400.0,1.359,1.365,5.42,5.44,6.191,5.41,11.82,11.88,11.89,11.87,5.45,5.52,5.46,5.45,1.04,52.5,4.0,11.37,7.32,0.8282,7.33,0.1768,52.6,4.0,0.1606,0.1621,51.9,3.43,3.45,88.03,5.41,5.35,6.86,5.86,9.03,0.8,6.28,0.5,6.32,1.296,5.63,1.0,14.0,70.98,108.86,0.3167,12,0.1777,3,9.541,5.26,61.156,0.01224,12,1.34,5.5,4.4,3.8,2.8,6.9,0.28,96.0,23.6,0.27,96.0,14.5,6.55,21.4,21.3,12,2.21,6.61,51.727,2249.0,2.27,21.5,21.2,100.23,74.38,,1.28,35.0,0.0189,12,4.4,3.5,0.7,0.7,5.0,0.1,1.0,0.5868,4.74,8.885,11.9,5.4,0.1628,0.1628,4.05,51.932,3.95,1.5,21.8,20.9,0.5868,4.74,93.54,74.21,2.0,22.8,0.029,96.0,21.7,0.027,96.0,3.55,21.9,21.8,72.88,79.33,12,2.22,18.35,5.26,6.7,6.4,5.51,6.6,0.62,4.81,4.18,2.28,6.3,89.68,153.37,17.2,1.388,3.63,26.0,5.5,19.9,5.24,5.24,2.0,2.0,11.53,11.5,20.0,19.7,225.0,-64.0,-73.9,0.6218,0.6157,11.4,11.4,19.5,19.3,20.0,22.1,0.28,0.1086,26.0,9.94,19.9,1.74,75.0,9.94,40.0,9.94,29.2,88.49,171.02,1.22,14.5,6.4,40.0,17.0,1851.8518518518517,43.03314829119352,0.28,41.8282201390401,41.33597883597883,1143.7908496732027,33.81997707972616,0.0,33.81997707972616,81.69934640522877
CADB2403 and CAFB2403,99.0,99.0,1.78,2.1,397.0,1.353,1.352,5.43,5.43,6.161,5.36,11.93,11.83,11.86,11.85,5.4,5.39,5.38,5.41,0.9645,55.5,3.86,11.35,7.09,0.8191,7.11,0.1665,56.3,4.03,0.1639,0.1628,52.5,3.42,3.42,88.41,5.37,0.52,6.82,1.36,9.11,0.54,6.22,0.5,8.52,1.033,5.96,1.0,14.0,75.97,114.95,0.3049,12,0.1395,2,9.332,5.25,67.343,0.01224,13,1.346,5.44,4.1,3.5,2.7,6.8,0.29,97.0,22.1,0.27,95.0,14.9,6.5,21.8,21.4,13,2.26,6.74,52.125,2085.0,2.28,21.4,21.4,102.36,78.92,,1.28,35.0,0.0189,13,5.1,3.5,0.7,0.6668,5.0,0.1,1.0,0.5626,4.94,8.91,11.9,5.4,0.1617,0.1642,3.97,52.303,4.03,1.3,21.7,21.6,0.5626,4.94,96.6,77.09,2.0,21.9,0.029,97.0,21.1,0.026,96.0,3.6,21.8,21.6,69.42,79.81,13,2.28,17.71,5.24,6.3,6.1,5.49,6.2,0.66,4.33,3.06,2.3,6.0,91.82,151.32,16.8,1.339,3.69,24.0,5.47,19.9,5.24,5.24,2.0,2.0,11.42,11.43,20.0,20.3,218.0,-64.0,-74.1,0.6335,0.6281,11.4,11.4,20.3,20.2,22.4,24.0,0.28,0.1135,23.0,10.07,19.9,1.76,75.0,9.95,40.0,9.95,29.1,89.24,164.8,1.28,14.5,6.1,40.0,17.0,1851.8518518518517,43.03314829119352,0.28,41.8282201390401,41.33597883597883,1143.7908496732027,33.81997707972616,0.0,33.81997707972616,81.69934640522877
CADB2404 and CAFB2404,99.0,99.0,1.78,2.1,407.0,1.376,1.366,5.43,5.44,6.2,5.4,11.95,11.93,11.89,11.88,5.44,5.48,5.41,5.41,0.96,50.9,3.9,11.1,7.3,0.8,7.3,0.18,51.9,4.0,0.1632,0.1655,52.0,3.41,3.39,88.4,5.4,3.07,6.56,7.48,8.17,0.44,6.73,0.39,6.8,0.935,6.46,1.0,14.0,68.52,108.34,0.31,12,0.1808,3,9.347,5.26,61.241,0.01224,14,1.349,5.46,4.1,3.6,2.7,7.1,0.28,96.0,21.9,0.27,96.0,14.9,6.52,20.7,20.6,14,2.28,7.84,53.328,2133.12,2.37,21.0,20.6,99.07,74.98,,1.28,35.0,0.0189,14,5.3,4.3,0.7,0.4593,5.0,0.1,1.0,0.5545,4.8,8.972,11.9,5.4,0.1611,0.1612,4.05,53.564,4.02,1.3,20.7,20.7,0.5545,4.8,92.52,75.69,2.1,21.3,0.032,97.0,20.9,0.026,95.0,3.62,20.8,20.6,75.51,81.81,14,2.3,18.05,5.27,6.5,6.3,5.44,6.5,0.64,4.92,4.08,1.95,6.3,93.59,158.1,16.0,1.305,3.81,26.0,5.45,19.9,5.24,5.24,2.0,2.0,11.43,11.44,20.1,20.0,225.0,-64.0,-74.1,0.6013,0.5986,11.4,11.4,20.3,20.4,20.4,22.2,0.25,0.1184,22.0,10.13,19.9,1.75,75.0,10.03,40.0,10.03,29.2,89.79,168.92,1.35,14.5,6.3,40.0,17.0,1851.8518518518517,43.03314829119352,0.28,41.8282201390401,41.33597883597883,1143.7908496732027,33.81997707972616,0.0,33.81997707972616,81.69934640522877
CADB2405 and CAFB2405,99.0,97.0,1.83,2.2,391.0,1.36,1.353,5.41,5.43,6.0,5.4,12.02,11.89,11.89,11.84,5.44,5.41,5.44,5.42,0.96,52.0,3.9,11.3,7.2,0.8,7.3,0.18,52.0,4.0,0.1624,0.1649,51.8,3.41,3.45,88.1,5.4,0.77,6.87,2.46,9.35,0.48,6.44,0.42,8.79,1.3,6.08,0.9,14.0,71.21,104.36,0.2869,12,0.1777,3,9.387,5.31,61.282,0.01346,15,1.344,5.49,4.5,3.8,2.8,6.6,0.28,96.0,21.9,0.27,95.0,15.1,6.35,21.0,20.6,15,2.38,7.97,51.621,2244.39,2.32,21.2,20.4,99.23,70.93,,1.19,35.0,0.01914,15,4.5,4.4,0.7,0.6672,5.0,0.1,1.0,0.5812,4.96,8.891,11.9,5.5,0.1574,0.1574,4.06,51.796,4.06,1.6,20.6,20.7,0.5812,4.96,90.21,71.48,1.9,22.1,0.029,97.0,21.1,0.026,96.0,3.55,20.8,21.0,75.92,79.24,15,2.39,18.27,5.25,6.7,6.4,5.43,6.6,0.46,4.82,4.0,2.02,6.3,92.74,146.55,16.4,1.321,3.69,24.0,5.45,20.0,5.36,5.36,2.0,2.0,11.46,11.48,21.3,21.8,144.0,-61.3,-76.4,0.6347,0.6283,11.5,11.4,22.2,22.4,20.0,25.6,0.3,0.1116,22.0,9.96,19.9,1.75,75.0,10.04,45.0,10.04,29.3,89.55,158.02,1.23,14.5,6.4,40.0,17.0,1828.6311389759665,42.76249687490157,0.18999999999999995,41.95000943427844,43.90470921911084,1040.1188707280833,32.25087395293472,0.09999999999999998,31.92836521340537,67.54018641091449
CADB2406 and CAFB2406,96.0,95.0,1.82,2.2,399.0,1.363,1.376,5.44,5.4,6.2,5.4,11.77,11.75,11.83,11.84,5.39,5.39,5.41,5.45,1.05,50.8,4.0,11.4,7.4,0.8,7.4,0.16,50.6,4.0,0.162,1.63,51.9,3.44,3.41,88.6,5.4,0.47,6.86,1.24,8.58,0.7,6.27,0.64,6.25,1.156,6.22,1.3,13.5,71.4,107.85,0.2831,13,0.2139,4,9.634,5.24,58.774,0.02226,1,1.334,5.49,4.0,3.8,1.7,7.0,0.28,96.0,22.8,0.26,96.0,16.4,6.23,21.1,21.1,1,0.05,5.38,46.528,2215.62,1.7,20.7,20.8,100.84,70.02,,1.17,33.5,0.02039,1,5.3,4.8,0.7,0.5202,5.0,0.1,1.0,0.5665,4.95,8.6,11.9,5.5,0.1619,0.1619,4.11,46.792,4.11,1.6,21.1,21.1,0.5665,4.95,96.86,69.44,2.0,22.1,0.03,96.0,20.9,0.027,96.0,3.42,21.0,20.8,66.47,71.69,1,0.03,18.35,5.24,7.3,6.2,5.41,7.2,0.62,4.35,3.84,2.02,6.1,92.33,151.04,16.4,1.337,3.72,26.0,5.45,19.7,5.12,5.12,2.0,2.0,11.59,11.52,19.7,19.8,183.0,-66.4,-76.9,0.5761,0.5751,11.5,11.5,19.7,20.0,19.5,20.0,0.28,0.1073,22.0,10.18,20.0,1.74,75.0,10.02,40.0,10.02,29.4,91.83,163.59,1.97,14.5,6.2,40.0,17.0,1642.9622363903875,40.5334705692763,0.16999999999999993,39.8444015695986,41.91764858758483,606.4690026954179,24.626591373866948,0.30000000000000004,23.88779363265094,34.55663833022324
CADB2407 and CAFB2407,99.0,96.0,1.82,2.1,403.0,1.369,1.359,5.44,5.41,6.1,5.4,11.92,11.79,11.84,11.71,5.51,5.45,5.47,5.45,1.02,52.0,3.9,11.3,7.4,0.8,7.2,0.16,50.3,4.0,0.1662,0.1635,50.9,3.41,3.41,88.7,5.4,0.7,6.88,1.55,9.19,0.63,6.27,0.51,8.25,0.882,6.77,1.3,13.5,68.15,112.35,0.3106,13,0.2205,4,9.624,5.21,59.098,0.02226,2,1.322,5.42,5.5,3.3,1.7,7.7,0.28,96.0,21.3,0.27,95.0,14.7,6.53,21.0,21.0,2,0.07,7.56,44.737,2130.33,2.85,20.9,21.3,99.57,67.78,,1.17,33.5,0.02039,2,4.7,4.1,0.7,0.7583,5.0,0.1,1.0,0.5972,4.9,8.455,11.9,5.4,0.1681,0.1681,4.11,44.988,4.11,1.8,21.1,20.9,0.5972,4.9,98.72,68.07,2.2,22.8,0.029,96.0,21.1,0.025,95.0,3.42,21.1,21.0,61.37,68.95,2,0.05,18.57,5.24,7.1,6.4,5.44,7.2,0.61,5.49,4.34,2.22,6.3,91.16,164.84,16.4,1.332,3.76,24.0,5.48,20.0,5.12,5.12,2.0,2.0,11.54,11.51,19.6,19.7,152.0,-67.7,-74.0,0.5681,0.587,11.4,11.4,21.2,21.1,20.6,21.2,0.28,0.1055,22.0,9.8,19.9,1.74,75.0,10.02,42.0,10.02,29.2,87.77,180.83,1.17,14.7,6.4,40.0,17.0,1642.9622363903875,40.5334705692763,0.16999999999999993,39.8444015695986,41.91764858758483,606.4690026954179,24.626591373866948,0.30000000000000004,23.88779363265094,34.55663833022324
CADB2408 and CAFB2408,93.0,97.0,1.79,2.1,400.0,1.365,1.38,5.37,5.41,6.2,5.4,11.81,11.72,11.83,11.79,5.48,5.46,5.49,5.48,1.04,52.0,4.0,11.3,7.4,0.8,7.4,0.16,51.9,4.0,0.1647,0.172,51.9,3.4,3.4,88.2,5.4,0.69,6.92,2.37,9.05,0.6,6.5,1.25,9.01,0.915,6.42,1.3,13.5,69.41,114.18,0.3177,13,0.2186,4,9.689,5.16,59.163,0.02226,3,1.33,5.43,4.2,3.8,1.7,7.7,0.28,96.0,21.5,0.27,96.0,14.9,6.45,20.7,21.0,3,0.08,7.8,45.098,2147.52,2.9,21.0,20.9,97.58,67.06,,1.17,33.5,0.02039,3,3.9,3.8,0.8,0.5573,5.0,0.1,1.0,0.6088,4.98,8.834,11.9,5.4,0.1687,0.1687,4.13,45.602,4.13,1.5,21.2,21.0,0.6088,4.98,98.56,68.72,2.1,22.6,0.031,96.0,21.5,0.028,95.0,3.4,21.1,20.7,61.06,69.73,3,0.06,17.74,5.18,6.5,6.0,5.41,6.5,0.53,4.98,4.56,2.2,6.2,92.47,164.51,16.0,1.329,3.8,24.0,5.44,20.0,5.12,5.18,2.0,2.0,11.61,11.54,19.3,19.4,157.0,-67.7,-74.0,0.5748,0.6117,11.5,11.5,19.2,20.6,18.2,22.4,0.3,0.1025,25.0,9.74,19.9,1.72,75.0,9.94,44.0,9.94,28.7,89.56,177.91,1.4,14.5,6.1,40.0,17.0,1642.9622363903875,40.5334705692763,0.16999999999999993,39.8444015695986,41.91764858758483,606.4690026954179,24.626591373866948,0.30000000000000004,23.88779363265094,34.55663833022324
CADB2409 and CAFB2409,99.0,99.0,1.81,2.2,399.0,1.365,1.35,5.38,5.36,6.2,5.3,11.88,12.06,11.68,11.7,5.44,5.37,5.42,5.39,1.02,51.9,4.0,11.6,7.3,0.8,7.2,0.16,52.0,4.0,0.1625,0.1599,51.9,3.39,3.43,88.4,5.3,0.7,6.44,2.17,8.69,0.37,6.89,0.59,8.7,1.538,6.31,1.0,13.5,70.37,114.9,0.3283,13,0.2118,4,9.75,5.21,58.986,0.01419,4,1.331,5.46,3.8,3.7,1.7,7.6,0.28,96.0,23.7,0.26,96.0,16.0,6.57,21.9,21.9,4,0.14,7.24,44.755,2131.19,3.02,21.3,21.5,102.04,68.43,,1.25,33.5,0.02531,4,4.3,4.1,0.7,0.8634,5.0,0.1,1.0,0.6149,4.88,8.356,12.0,5.4,0.1742,0.1727,4.0,44.98,4.03,1.3,22.0,22.2,0.6149,4.88,98.74,67.07,2.1,23.3,0.03,96.0,21.3,0.025,96.0,3.43,21.8,21.8,59.11,67.92,4,0.12,17.71,5.2,8.0,6.5,5.42,8.2,0.64,4.97,4.72,2.07,6.3,93.13,163.29,16.0,1.302,3.82,26.0,5.45,19.9,5.12,5.12,2.0,2.0,11.49,11.47,20.4,20.5,53.0,-63.4,-75.5,0.5939,0.5946,11.4,11.4,20.5,20.8,20.8,24.2,0.28,0.1058,24.0,10.07,19.9,1.74,75.0,10.0,40.0,10.0,29.1,89.71,175.33,1.83,14.6,6.6,40.0,17.0,1323.5875148162781,36.38114229674871,0.25,35.471613739329996,31.608060055314105,951.3742071881608,30.844354543224938,0.0,30.844354543224938,70.47216349541931
CADB2410 and CAFB2410,94.0,98.0,1.81,2.1,398.0,1.351,1.365,5.41,5.37,6.2,5.4,11.84,11.8,11.77,11.78,5.41,5.4,5.45,5.43,0.94,52.0,3.9,11.5,7.4,0.8,7.4,0.174,54.8,4.0,0.1738,0.1711,52.0,3.5,3.43,86.0,5.3,1.15,5.82,1.75,8.39,0.37,5.92,0.33,6.33,2.319,6.38,1.03,13.5,69.79,115.29,0.3292,13,0.2224,4,9.477,5.2,58.944,0.01419,5,1.332,5.4,4.2,4.0,1.7,7.7,0.28,96.0,21.9,0.26,94.0,15.1,6.5,21.6,21.1,5,0.15,9.96,46.605,2026.3,3.02,21.1,21.7,95.85,67.81,,1.25,33.5,0.02531,5,5.6,3.3,0.8,0.4861,5.0,0.1,1.0,0.567,4.87,8.421,12.0,5.4,0.1797,0.1755,4.09,46.943,4.02,1.2,21.4,21.1,0.567,4.87,98.08,70.74,2.3,23.4,0.029,96.0,21.3,0.025,96.0,3.42,21.6,21.4,62.56,72.13,5,0.13,18.64,5.16,7.7,6.4,5.45,8.3,0.5,4.48,3.64,2.12,6.5,91.99,165.21,16.4,1.332,3.81,24.0,5.46,20.0,5.12,5.12,2.0,2.0,11.5,11.5,20.3,20.2,58.0,-63.4,-75.5,0.5861,0.5872,11.42,11.39,20.2,20.0,19.3,20.9,0.28,0.1094,24.0,10.1,20.1,1.7,75.0,9.97,44.0,9.97,28.8,88.92,179.59,1.4,14.5,6.4,40.0,17.0,1323.5875148162781,36.38114229674871,0.25,35.471613739329996,31.608060055314105,951.3742071881608,30.844354543224938,0.030000000000000027,30.751821479595264,68.41957620914496
CADB2411 and CAFB2411,99.0,97.0,1.81,2.1,406.0,1.361,1.342,5.45,5.42,6.2,5.4,11.41,11.88,11.92,11.76,5.4,5.37,5.39,5.4,1.02,52.0,3.9,11.3,7.4,0.9,7.4,0.16,52.0,3.9,0.1659,0.1643,52.4,3.35,3.36,88.1,5.3,0.75,6.21,2.7,8.87,0.59,6.17,1.02,7.81,1.306,6.17,1.0,13.5,70.34,113.58,0.3184,13,0.2165,4,9.61,5.29,59.063,0.01419,6,1.349,5.43,5.5,3.2,0.79,7.5,0.28,96.0,21.9,0.26,96.0,14.3,6.53,21.1,20.7,6,0.17,9.62,47.473,1977.92,2.93,21.2,21.3,99.61,69.07,,1.25,33.5,0.02531,6,4.0,4.0,0.7,0.6442,5.0,0.1,1.0,0.6115,4.94,8.536,11.9,5.5,0.1706,0.1706,4.12,47.661,4.05,1.5,21.7,21.5,0.6115,4.94,95.21,69.35,2.1,24.0,0.029,96.0,21.3,0.026,96.0,3.4,21.4,21.3,64.13,72.84,6,0.15,18.03,5.22,6.9,6.3,5.41,7.1,0.62,4.8,4.42,1.95,6.3,92.71,161.47,16.4,1.329,3.81,26.0,5.47,19.8,5.24,5.24,2.0,2.0,11.53,11.49,21.6,21.1,21.0,-61.5,-72.5,0.6456,0.6446,11.4,11.4,21.9,22.2,21.1,23.9,0.28,0.1143,23.0,10.06,20.0,1.74,75.0,10.04,40.0,10.04,29.5,87.74,174.17,1.28,14.8,6.4,40.0,17.0,1323.5875148162781,36.38114229674871,0.25,35.471613739329996,31.608060055314105,951.3742071881608,30.844354543224938,0.0,30.844354543224938,70.47216349541931
CADB2412 and CAFB2412,93.0,96.0,1.8,2.1,396.0,1.37,1.374,5.4,5.43,6.2,5.4,12.03,12.14,12.0,12.06,5.41,5.43,5.42,5.47,1.059,52.6,3.95,11.5,7.26,0.8346,7.31,0.1739,51.9,3.96,0.1726,0.1712,52.5,3.4,3.38,89.2,5.4,5.85,6.67,1.25,8.86,0.56,5.82,0.89,6.03,1.089,6.26,1.28,14.0,79.62,120.3,0.2953,13,0.1767,3,9.578,5.18,67.393,0.02644,1,1.34,5.4,4.4,3.4,1.74,6.8,0.28,97.0,22.6,0.27,95.0,14.9,6.6,21.0,21.0,7,0.25,9.07,53.071,2122.84,2.05,22.1,20.6,100.43,79.82,,0.99,34.9,0.02014,7,4.0,3.6,0.7,0.4183,5.0,0.1,1.0,0.57,4.98,8.935,11.9,5.4,0.1585,0.1591,4.04,53.269,4.03,2.0,21.3,21.0,0.57,4.98,97.73,79.48,2.3,23.0,0.028,96.0,21.1,0.027,96.0,3.58,21.3,21.0,67.6,81.33,7,0.24,17.11,5.22,7.4,6.7,5.35,7.5,0.67,4.44,4.35,2.17,6.5,91.58,151.09,16.8,1.363,3.87,24.0,5.48,20.1,5.24,5.24,2.0,2.0,11.53,11.48,21.1,21.0,53.0,-66.3,-72.4,0.6476,0.6499,11.49,11.47,22.2,22.0,21.9,25.0,0.3,0.1136,24.0,10.03,20.2,1.78,75.0,10.0,40.0,10.0,29.6,88.37,164.99,1.35,14.6,6.7,40.3,17.44,1732.8699106256204,41.627754090577845,0.010000000000000009,41.58612633648727,49.160824721995525,529.500756429652,23.01088343435888,0.28,22.366578698196832,29.548033282904687
CADB2413 and CAFB2413,97.0,97.0,1.83,2.2,407.33,1.378,1.373,5.44,5.44,6.2,5.4,12.06,11.94,11.86,11.97,5.41,5.46,5.4,5.42,0.9572,52.5,3.92,11.37,7.27,0.8296,7.23,0.1735,52.5,3.96,0.1623,0.1739,52.5,3.43,3.41,88.77,5.37,0.5,6.72,1.82,8.6,0.59,6.11,0.4,7.31,1.254,5.97,1.28,14.0,73.8,106.79,0.3185,12,0.1773,3,9.43,5.25,61.198,0.02644,2,1.343,5.43,4.2,3.3,1.73,6.5,0.28,96.0,21.9,0.27,96.0,14.9,6.63,21.3,21.0,8,0.27,9.42,47.992,1919.68,1.8,21.1,20.7,100.54,72.8,,0.99,34.9,0.02014,8,3.9,3.8,0.7,0.4366,5.0,0.1,1.0,0.5553,4.84,9.062,11.8,5.4,0.1626,0.1647,4.03,48.21,4.0,1.3,20.7,20.9,0.5553,4.84,98.38,72.41,2.0,24.1,0.035,97.0,21.1,0.023,96.0,3.55,20.7,20.8,68.92,73.6,8,0.25,16.44,5.26,6.7,6.6,5.42,6.7,0.62,4.5,3.62,2.17,6.4,92.43,144.69,16.6,1.337,3.79,26.0,5.46,20.0,5.24,5.24,2.0,2.0,11.44,11.43,22.7,22.6,24.0,-66.3,-72.4,0.6456,0.6483,11.42,11.45,21.5,22.6,22.1,23.0,0.28,0.1122,24.0,9.89,20.0,1.74,75.0,9.96,40.0,9.96,29.5,87.1,156.54,1.47,14.6,6.7,40.5,17.44,1732.8699106256204,41.627754090577845,0.010000000000000009,41.58612633648727,49.160824721995525,529.500756429652,23.01088343435888,0.28,22.366578698196832,29.548033282904687
CADB2414 and CAFB2414,92.0,95.0,1.83,2.2,399.0,1.396,1.375,5.41,5.41,6.3,5.4,11.99,11.96,11.98,11.96,5.41,5.41,5.42,5.41,0.9839,52.5,3.89,11.48,7.44,0.8356,7.44,0.17,52.5,3.96,0.1657,0.166,52.0,3.39,3.42,88.57,5.39,0.58,6.22,1.72,8.39,0.98,6.24,0.74,7.53,1.001,6.3,1.28,14.0,72.76,106.74,0.326,12,0.1769,3,9.534,5.18,61.099,0.02644,3,1.324,5.34,4.0,3.6,1.73,6.6,0.28,96.0,23.2,0.27,96.0,15.1,6.67,21.2,21.0,9,0.28,8.76,49.35,2145.65,1.95,21.7,21.4,99.67,72.59,,0.99,34.9,0.02014,9,3.5,3.5,0.7,0.5541,5.0,0.1,1.0,0.5745,4.92,8.901,11.8,5.4,0.1693,0.1675,4.01,49.546,3.99,1.3,21.6,21.5,0.5745,4.92,95.97,72.83,1.9,23.0,0.029,96.0,22.6,0.026,96.0,3.53,21.6,21.4,71.1,75.89,9,0.26,16.93,5.15,6.8,6.6,5.43,6.9,0.62,4.73,4.3,2.12,6.4,92.71,146.71,16.6,1.337,3.73,24.0,5.43,20.1,5.12,5.12,2.0,2.0,11.51,11.53,20.7,21.3,29.0,-66.3,-72.4,0.6258,0.6245,11.4,11.41,21.7,22.0,20.5,22.6,0.28,0.11,23.0,10.01,20.1,1.74,75.0,9.99,42.0,9.99,29.4,87.24,158.25,1.42,14.5,6.5,40.0,17.44,1732.8699106256204,41.627754090577845,0.010000000000000009,41.58612633648727,49.160824721995525,529.500756429652,23.01088343435888,0.28,22.366578698196832,29.548033282904687
CADB2415 and CAFB2415,99.0,96.0,1.836,2.15,389.0,1.379,1.37,5.38,5.42,6.247,5.39,11.93,12.04,11.93,12.0,5.45,5.46,5.45,5.47,0.9477,52.5,3.95,11.49,7.25,0.8307,7.43,0.1609,52.6,3.95,0.1646,0.1718,52.0,3.42,3.45,88.61,5.4,1.5,6.21,3.2,7.87,0.66,6.12,0.59,7.4,0.797,6.31,1.28,14.0,68.74,101.91,0.33,12,0.2152,4,9.564,5.24,55.147,0.02644,4,1.345,5.37,4.2,3.5,1.75,6.7,0.28,96.0,21.5,0.26,95.0,14.9,6.77,20.9,20.7,10,0.32,8.08,46.446,1935.25,1.75,21.6,21.1,98.78,68.69,,0.99,34.9,0.02014,10,3.7,3.6,0.8,0.4867,5.0,0.1,1.0,0.5691,4.87,8.855,11.9,5.4,0.1739,0.1725,4.04,46.64,3.98,1.5,20.6,20.5,0.5691,4.87,97.63,69.54,1.9,21.7,0.029,96.0,21.5,0.026,96.0,3.5,20.5,20.5,69.89,71.23,10,0.3,18.35,5.15,8.5,7.4,5.33,8.5,0.68,4.7,3.98,2.42,7.4,91.13,148.27,16.4,1.33,3.88,24.0,5.46,20.0,5.24,5.24,2.0,2.0,11.42,11.37,20.8,21.4,26.0,-61.0,-72.7,0.6412,0.6658,11.42,11.38,21.1,21.5,22.3,22.0,0.28,0.1141,26.0,10.07,20.0,1.74,75.0,9.98,40.0,9.98,30.3,86.31,162.69,1.0,15.1,7.4,40.0,17.0,1732.8699106256204,41.627754090577845,0.010000000000000009,41.58612633648727,49.160824721995525,529.500756429652,23.01088343435888,0.28,22.366578698196832,29.548033282904687
CADB2416 and CAFB2416,97.95,97.26,1.811,2.17,395.0,1.365,1.388,5.42,5.42,6.198,5.35,11.72,11.83,11.82,11.82,5.49,5.41,5.45,5.41,1.035,52.5,3.9,11.31,7.25,0.8272,7.16,0.1615,52.6,3.94,0.1655,0.17,52.5,3.36,3.47,87.31,5.42,1.01,6.78,3.3,8.62,0.64,6.18,0.76,8.08,0.983,5.87,0.89,14.0,68.22,107.43,0.3385,12,0.2241,4,9.625,5.29,55.037,0.01291,5,1.35,5.28,4.7,3.1,1.75,7.1,0.28,96.0,21.7,0.27,96.0,15.3,6.72,21.0,20.7,11,0.51,9.74,47.037,2138.05,1.67,21.6,21.3,98.28,71.4,,1.34,34.9,0.02518,11,3.8,3.5,0.7,0.4658,5.0,0.1,1.0,0.5695,5.04,8.902,11.85,5.36,0.1702,0.1679,4.12,47.301,4.07,1.93,21.0,20.9,0.5695,5.04,100.59,72.65,2.0,23.2,0.029,96.0,21.5,0.026,96.0,3.5,21.2,21.1,67.23,72.23,11,0.49,18.51,5.2,8.1,7.5,5.36,8.4,0.68,4.53,3.48,2.36,7.6,89.35,157.49,16.4,1.32,3.7,24.0,5.45,20.0,5.0,5.0,2.0,2.0,11.51,11.51,20.3,20.6,97.0,-61.0,-72.7,0.5831,0.5873,11.43,11.4,21.2,21.2,21.3,21.2,0.28,0.1044,22.0,10.24,20.1,1.73,75.0,9.98,40.0,9.98,30.3,84.61,176.26,1.0,15.7,7.5,40.0,17.0,1386.0206513105638,37.22929829194426,0.3400000000000001,35.96350215001816,29.63735729612462,1084.4306738962046,32.930695010828494,0.10999999999999999,32.56845736570938,69.78318364840442
CADB2417 and CAFB2417,96.88,97.36,1.796,2.11,394.0,1.362,1.372,5.34,5.4,6.163,5.32,11.67,11.73,11.82,11.78,5.44,5.31,5.47,5.51,0.9358,51.8,3.98,11.41,7.11,0.8268,7.26,0.1703,51.9,4.0,0.1733,0.1641,51.9,3.45,3.39,86.83,5.4,0.59,6.1,1.79,8.73,1.03,6.33,0.44,7.57,2.215,5.72,0.89,14.0,78.03,118.41,0.274,13,0.1765,3,9.597,5.2,67.204,0.01291,6,1.358,5.37,5.8,3.0,1.75,6.82,0.28,96.0,23.0,0.27,96.0,14.9,6.58,20.9,20.5,12,0.52,8.79,50.363,1798.68,3.35,21.0,21.3,99.61,75.49,,1.34,34.9,0.02518,12,3.6,3.4,0.74,0.5246,5.0,0.1,1.0,0.5853,5.01,8.881,11.89,5.42,0.1622,0.1622,4.15,50.56,4.15,2.12,20.8,20.6,0.5853,5.01,97.78,75.79,2.2,21.5,0.029,96.0,21.1,0.026,96.0,3.58,20.6,20.7,65.46,77.51,12,0.51,17.31,5.21,6.5,6.5,5.4,8.0,0.65,4.56,4.32,2.1,7.3,93.89,151.75,16.0,1.297,3.76,26.0,5.43,19.9,5.12,5.12,2.0,2.0,11.5,11.52,20.5,20.3,60.0,-61.9,-72.7,0.6184,0.6298,11.46,11.4,21.0,21.0,20.3,21.9,0.28,0.1099,24.0,10.07,20.0,1.75,75.0,10.02,40.0,10.02,30.4,86.05,161.63,1.0,15.8,6.5,40.0,17.0,1386.0206513105638,37.22929829194426,0.3400000000000001,35.96350215001816,29.63735729612462,1084.4306738962046,32.930695010828494,0.10999999999999999,32.56845736570938,69.78318364840442
CADB2501 and CAFB2501,98.88,98.49,1.83,2.1,397.0,1.332,1.389,5.45,5.42,6.2,5.3,11.78,11.79,11.72,11.71,5.36,5.44,5.43,5.43,0.9762,51.9,3.9,11.4,7.27,0.8441,7.28,0.1691,49.7,4.0,0.1672,0.1663,50.2,3.48,3.41,86.61,5.34,0.739,6.72,2.17,7.88,0.617,5.53,0.521,6.85,1.1,6.48,0.99,14.0,71.6,100.16,0.2885,12,0.1769,3,9.579,5.26,61.334,0.01404,7,1.368,5.35,3.7,3.5,1.73,6.28,0.28,96.0,20.6,0.27,96.0,14.9,6.57,20.5,21.1,13,0.77,7.15,47.952,2283.43,3.37,20.4,20.7,99.23,71.69,,1.25,34.9,0.02503,13,5.5,4.0,0.67,0.3568,5.0,0.1,1.0,0.5538,4.88,8.902,11.9,5.42,0.1681,0.1649,4.03,48.194,3.98,1.35,20.4,20.0,0.5538,4.88,98.0,72.24,1.9,21.3,0.029,96.0,19.4,0.027,96.0,3.55,20.1,19.7,73.6,73.72,13,0.75,17.95,5.23,7.8,7.5,5.46,7.7,0.6,4.54,4.0,2.13,7.4,90.84,139.89,16.8,1.376,3.69,26.0,5.47,19.7,5.24,5.24,2.0,2.0,11.51,11.45,22.5,22.6,149.0,-71.3,-75.6,0.6665,0.6685,11.42,11.41,23.1,23.3,23.9,27.2,0.28,0.1167,24.0,10.05,19.5,1.73,75.0,10.1,40.0,10.1,30.6,82.56,154.0,1.0,15.8,7.6,40.0,17.0,1394.3268078306032,37.34068569041821,0.25,36.407168548157756,31.961646024770275,997.1509971509971,31.577697781044726,0.010000000000000009,31.54612008326368,70.51987250007052
CADB2502 and CAFB2502,92.98,97.1,1.83,2.2,375.0,1.368,1.378,5.47,5.4,6.161,5.44,11.64,11.84,11.72,11.7,5.42,5.52,5.53,5.47,0.9596,49.5,3.9,11.45,7.25,0.8552,7.27,0.1606,49.6,4.1,0.1616,0.1629,46.1,3.38,3.45,86.46,5.4,0.908,6.81,2.55,8.83,0.645,5.8,0.563,7.21,1.164,6.28,0.99,14.0,69.54,105.36,0.3186,12,0.1771,3,9.607,5.29,61.186,0.01404,8,1.34,5.44,4.0,3.2,1.76,6.8,0.28,96.0,21.1,0.27,96.0,14.4,6.68,20.0,20.1,14,0.78,6.78,46.186,1924.42,3.28,19.5,19.8,100.46,70.9,,1.25,34.9,0.02503,14,3.6,2.9,0.76,0.4684,5.0,0.1,1.0,0.5652,4.86,8.842,11.89,5.38,0.1771,0.1728,4.07,46.369,4.04,1.48,20.1,19.9,0.5652,4.86,99.55,70.57,1.97,20.6,0.029,96.0,19.6,0.025,96.0,3.55,20.0,19.7,67.29,70.9,14,0.76,17.93,5.17,8.1,7.6,5.48,8.1,0.61,4.78,4.3,2.0,7.6,92.63,151.52,16.6,1.353,3.66,26.0,5.43,19.4,5.12,5.12,2.0,2.0,11.41,11.41,19.8,20.5,83.0,-69.7,-72.6,0.6246,0.6274,11.41,11.39,21.8,21.5,21.1,20.7,0.28,0.1087,24.0,9.81,19.6,1.76,75.0,9.95,40.0,9.95,30.1,85.63,163.57,0.9,15.0,7.6,40.0,17.0,1394.3268078306032,37.34068569041821,0.25,36.407168548157756,31.961646024770275,997.1509971509971,31.577697781044726,0.010000000000000009,31.54612008326368,70.51987250007052
CADB2503 and CAFB2503,100.2,98.04,1.818,2.22,400.0,1.366,1.377,5.32,5.36,6.146,5.27,11.62,11.78,11.73,11.7,5.43,5.45,5.39,5.42,0.9622,51.6,3.88,11.54,7.29,0.8247,7.31,0.1756,52.0,3.99,0.1643,0.166,51.6,3.37,3.4,85.1,5.34,0.544,6.28,2.29,8.63,0.769,5.69,0.943,7.49,1.783,6.15,0.99,14.0,70.93,103.93,0.3102,12,0.1773,3,9.602,5.21,61.277,0.01404,9,1.345,5.39,6.5,3.4,1.88,6.58,0.28,96.0,20.9,0.26,96.0,15.1,6.62,19.6,19.3,15,0.79,9.35,46.606,2219.33,1.58,20.2,21.9,100.27,71.54,,1.25,34.9,0.02503,15,4.0,3.8,0.58,0.3707,5.0,0.1,1.0,0.5568,4.91,8.926,11.89,5.39,0.1642,0.1642,3.99,46.783,3.99,1.83,19.7,20.1,0.5568,4.91,99.69,71.34,1.82,20.0,0.031,96.0,19.8,0.026,96.0,3.55,19.7,19.8,68.87,71.57,15,0.78,18.25,5.16,7.6,7.5,5.38,7.5,0.6,4.71,4.08,2.27,7.5,85.62,146.51,16.8,1.382,3.71,26.0,5.46,19.6,5.12,5.12,2.0,2.0,11.52,11.52,19.1,19.0,88.0,-69.7,-72.6,0.6227,0.6404,11.42,11.43,19.6,19.5,20.1,20.8,0.28,0.1151,24.0,9.99,19.6,1.74,75.0,10.03,40.0,10.03,30.4,80.332,171.11,1.1,15.2,7.6,40.0,17.0,1394.3268078306032,37.34068569041821,0.25,36.407168548157756,31.961646024770275,997.1509971509971,31.577697781044726,0.010000000000000009,31.54612008326368,70.51987250007052
CADB2504 and CAFB2504,96.16,96.32,1.796,2.13,392.0,1.381,1.38,5.41,5.42,6.354,5.36,11.73,11.58,11.42,11.24,5.42,5.47,5.39,5.46,0.952,49.5,3.97,11.41,7.34,0.8318,7.41,0.1624,51.9,3.98,0.1603,0.1613,50.0,3.39,3.43,86.73,5.39,0.715,6.2,2.254,8.85,1.025,5.89,0.409,8.62,0.95,6.38,1.14,14.0,72.35,103.26,0.305,12,0.1759,3,9.615,5.26,61.98,0.01969,10,1.312,5.4,5.6,4.1,1.76,6.41,0.28,96.0,21.7,0.28,96.0,14.0,6.4,19.9,19.9,1,0.02,8.51,44.813,2133.95,1.48,20.4,19.9,99.63,67.09,,1.12,35.0,0.0209,1,4.2,4.1,0.73,0.2847,5.0,0.1,1.0,0.5091,4.85,9.042,12.02,5.39,0.159,0.159,4.08,45.102,4.08,2.2,19.7,19.8,0.5091,4.85,97.53,67.34,1.91,21.4,0.029,96.0,19.4,0.027,96.0,3.55,20.1,19.9,66.87,69.04,1,0.04,18.33,5.21,8.1,7.5,5.39,8.0,0.62,4.65,4.12,1.97,7.4,91.27,142.71,16.8,1.37,3.67,26.0,5.42,19.6,5.12,5.12,2.0,2.0,11.5,11.47,18.3,18.0,101.0,-66.9,-72.5,0.6141,0.6068,11.4,11.42,19.0,18.6,18.8,21.3,0.28,0.1219,24.0,9.81,19.5,1.73,75.0,10.0,40.0,10.0,30.3,88.27,156.37,0.88,15.8,7.5,40.0,17.0,1674.641148325359,40.922379553556745,0.1200000000000001,40.431310998914064,42.72043745727956,711.0208227526664,26.66497370620617,0.1399999999999999,26.291664074319282,44.55017686420216
CADB2506 and CAFB2506,98.01,98.32,1.837,2.14,390.0,1.37,1.357,5.44,5.43,6.105,5.38,11.78,11.89,11.81,11.84,5.45,5.42,5.41,5.44,1.028,52.0,3.95,11.34,7.31,0.8406,7.41,0.1669,52.0,4.03,0.1622,0.1647,51.9,3.42,3.44,87.68,5.4,1.361,6.64,2.858,9.03,0.21,6.26,0.446,8.98,4.063,5.71,1.14,14.0,75.58,115.07,0.2876,13,0.1767,3,9.747,5.27,67.845,0.01969,12,1.328,5.43,3.2,3.1,2.92,6.77,0.28,96.0,20.9,0.27,96.0,14.0,6.52,19.9,20.3,3,0.05,8.93,45.747,2178.43,1.65,19.5,19.6,100.33,69.95,,1.12,35.0,0.02029,3,3.4,3.3,0.62,0.3906,5.0,0.1,1.0,0.5447,4.91,9.026,11.95,5.45,0.1664,0.1664,4.01,46.019,4.01,1.57,20.2,20.1,0.5447,4.91,99.0,69.72,2.11,20.1,0.03,96.0,19.8,0.027,96.0,3.58,19.9,19.8,61.2,70.42,3,0.07,17.97,5.24,7.7,7.7,5.42,7.7,0.59,4.62,4.16,2.08,7.5,93.07,152.24,16.8,1.372,3.72,24.0,5.45,19.7,5.12,5.12,2.0,2.0,11.55,11.45,18.5,18.3,15.0,-62.7,-70.8,0.597,0.6006,11.46,11.41,18.1,18.0,17.8,18.2,0.3,0.1063,18.0,9.98,19.5,1.75,75.0,9.99,40.0,9.99,29.9,87.57,163.57,0.83,15.1,7.7,40.0,17.0,1724.9876786594382,41.532970982816025,0.1200000000000001,41.03457533102223,44.004787720904034,711.0208227526664,26.66497370620617,0.1399999999999999,26.291664074319282,44.55017686420216
CADB2507 and CAFB2507,97.73,93.9,1.833,2.11,382.0,1.367,1.36,5.54,5.41,6.095,5.36,11.71,11.82,11.84,11.8,5.47,5.43,5.46,5.44,0.9683,51.9,3.89,11.39,7.22,0.832,7.23,0.1621,52.0,3.97,0.162,0.16,51.9,3.38,3.43,88.16,5.34,2.357,6.26,9.038,8.83,0.503,5.56,0.58,5.85,0.888,5.96,0.99,14.0,69.63,108.19,0.3341,12,0.1767,3,9.465,5.19,61.227,0.01287,13,1.334,5.31,4.6,2.5,1.73,6.98,0.28,96.01,21.7,0.27,95.95,14.5,6.55,19.8,20.1,4,0.17,7.41,43.736,2301.89,1.97,19.6,20.3,100.3,66.52,,1.27,35.0,0.01943,4,2.8,2.7,0.74,0.4359,5.0,0.1,1.0,0.5459,4.91,8.937,11.83,5.38,0.1663,0.1663,4.13,43.923,4.13,1.27,19.8,20.0,0.5459,4.91,98.57,66.32,1.98,20.2,0.029,96.01,19.1,0.026,96.01,3.57,19.8,19.7,62.19,67.29,4,0.19,17.99,5.2,8.0,7.7,5.41,7.9,0.61,4.82,4.12,1.97,7.3,92.16,155.38,16.8,1.401,3.78,26.0,5.41,19.1,5.36,5.36,2.0,2.0,11.48,11.45,19.1,19.2,60.0,-62.7,-70.9,0.6679,0.6903,11.42,11.41,19.2,19.2,20.1,18.5,0.28,0.1212,24.0,10.22,19.0,1.7,75.0,10.03,40.0,10.03,29.9,89.98,168.59,0.95,15.1,7.7,40.0,17.0,1801.3381369016984,42.44217403599512,0.27,41.296235337023255,40.52504244998196,1087.8010878010878,32.98182966121024,0.010000000000000009,32.94884783154903,76.93077000007692
CADB2508 and CAFB2508,95.82,92.04,1.847,2.14,387.0,1.379,1.362,5.43,5.42,5.874,5.36,11.83,11.87,11.74,11.84,5.43,5.41,5.45,5.45,0.9466,51.9,3.95,11.2,7.39,0.8274,7.33,0.1617,52.4,3.99,0.1721,0.1616,52.0,3.48,3.4,88.72,5.37,1.493,6.82,1.99,9.02,0.865,6.29,0.513,8.21,0.962,5.77,0.99,14.0,73.35,113.48,0.2927,13,0.2216,4,9.638,5.14,61.673,0.01287,14,1.335,5.41,3.1,3.0,1.72,6.95,0.29,96.01,20.6,0.26,96.01,13.8,6.6,20.1,20.1,5,0.19,8.77,44.503,1934.91,1.5,20.0,19.8,99.55,67.56,,1.27,35.0,0.01943,5,5.6,2.6,0.73,0.4949,5.0,0.1,1.0,0.5579,4.8,8.838,11.84,5.3,0.1658,0.1658,4.08,44.734,4.08,1.02,19.9,20.0,0.5579,4.8,99.11,67.86,2.13,20.3,0.029,96.01,20.0,0.026,96.01,3.57,19.7,19.7,60.34,68.47,5,0.21,17.08,5.09,7.9,7.8,5.42,7.8,0.35,4.62,4.08,2.1,7.6,90.15,154.71,16.4,1.355,3.78,24.0,5.42,19.6,5.24,5.12,2.0,2.0,11.56,11.56,18.5,18.6,24.0,-66.9,-72.2,0.6713,0.6345,11.48,11.4,19.2,19.5,20.9,19.9,0.31,0.1074,25.0,9.95,19.6,1.73,75.0,10.03,47.0,10.03,30.2,88.91,171.62,0.72,15.2,7.7,40.0,17.0,1801.3381369016984,42.44217403599512,0.27,41.296235337023255,40.52504244998196,1087.8010878010878,32.98182966121024,0.010000000000000009,32.94884783154903,76.93077000007692
CADB2509 and CAFB2509,97.76,98.14,1.828,2.14,392.0,1.359,1.369,5.41,5.4,6.152,5.39,11.66,11.64,11.63,11.67,5.43,5.45,5.45,5.49,0.9483,52.0,3.92,11.34,7.3,0.8115,7.22,0.1678,52.2,4.01,0.1671,0.1599,50.0,3.42,3.44,87.29,5.36,0.762,6.37,4.196,9.06,0.787,6.04,0.953,6.27,1.132,5.83,0.99,14.0,75.91,116.5,0.2944,13,0.1775,3,9.692,5.19,67.225,0.01287,15,1.331,5.27,3.2,3.0,1.75,6.89,0.28,96.01,20.9,0.27,96.01,14.7,6.58,19.7,20.0,6,0.2,9.69,45.262,2263.1,1.53,20.0,20.2,98.73,68.07,,1.27,35.0,0.01943,6,3.3,2.8,0.74,0.6182,5.0,0.1,1.0,0.5738,4.94,8.878,11.94,5.43,0.1674,0.1674,4.09,45.48,4.09,1.73,20.0,20.1,0.5738,4.94,99.1,68.95,2.12,20.6,0.03,96.01,20.0,0.026,96.01,3.58,19.7,19.9,59.72,69.58,6,0.22,18.33,5.25,7.8,7.8,5.5,8.3,0.63,4.9,4.14,2.05,7.5,90.37,153.47,16.8,1.383,3.66,26.0,5.44,19.6,5.24,5.12,2.0,2.0,11.57,11.55,18.4,18.7,29.0,-66.9,-72.4,0.6523,0.6383,11.47,11.42,20.1,20.1,20.4,20.3,0.28,0.1181,25.0,10.03,19.6,1.74,75.0,9.97,40.0,9.97,30.2,89.29,169.82,1.0,15.0,7.7,40.0,17.0,1801.3381369016984,42.44217403599512,0.27,41.296235337023255,40.52504244998196,1087.8010878010878,32.98182966121024,0.010000000000000009,32.94884783154903,76.93077000007692
CADB2510 and CAFB2510,97.91,97.99,1.822,2.16,392.0,1.349,1.348,5.39,5.42,6.051,5.34,11.7,11.81,11.82,11.17,5.41,5.41,5.4,5.4,0.9416,52.4,3.89,11.29,7.4,0.8132,7.33,0.163,51.6,3.96,0.1618,0.1626,49.3,3.44,3.38,87.72,5.33,0.725,6.09,1.792,8.36,0.528,5.67,0.642,5.9,1.115,5.78,1.03,14.0,78.88,127.03,0.3025,13,0.1783,3,9.657,5.26,67.285,0.01373,1,1.322,5.3,3.4,2.8,2.33,7.23,0.28,96.01,21.3,0.27,96.01,14.7,6.68,20.1,20.0,7,0.32,7.78,47.345,2254.52,2.1,20.1,19.8,103.7,74.99,,1.11,35.0,0.02059,7,3.2,3.1,0.13,0.2696,5.0,0.1,1.0,0.5059,4.9,8.79,11.9,5.37,0.1564,0.1561,4.02,47.547,4.01,2.85,20.2,19.9,0.5059,4.9,100.78,72.32,2.3,20.4,0.029,96.01,20.0,0.026,95.95,3.72,19.9,19.9,56.49,71.76,7,0.34,17.46,5.19,7.6,7.4,5.39,8.0,0.6,4.62,4.08,2.15,7.5,93.21,161.05,16.8,1.36,3.75,24.0,5.44,19.5,5.24,5.24,2.0,2.0,11.51,11.47,20.8,20.9,59.0,-67.9,-72.9,0.6367,0.6245,11.4,11.4,20.9,20.9,22.0,21.8,0.28,0.1084,24.0,9.96,19.5,1.74,75.0,10.03,42.0,10.03,30.6,86.91,172.79,1.0,15.5,7.4,40.0,17.0,1699.854298203011,41.229289324496136,0.1100000000000001,40.77576714192668,43.75429339003889,1019.6649672250547,31.93219327301297,0.030000000000000027,31.836396693193933,70.7118562569386
CADB2511 and CAFB2511,97.29,93.81,1.791,2.15,391.0,1.339,1.357,5.34,5.34,6.196,5.31,11.77,11.83,11.66,11.6,5.4,5.37,5.4,5.37,0.9432,50.7,3.9,11.24,7.34,0.8051,7.13,0.1654,50.8,3.98,0.1583,0.1615,50.7,3.42,3.39,87.83,5.33,0.668,5.91,1.909,8.54,0.426,6.47,0.422,6.28,1.335,6.53,1.03,14.0,73.61,119.89,0.3161,13,0.1771,3,9.695,5.16,67.394,0.01373,2,1.34,5.41,3.5,3.4,2.91,7.32,0.28,96.01,20.6,0.26,96.01,13.4,6.68,20.1,19.9,8,0.33,7.39,50.81,2209.13,1.95,19.9,19.8,99.99,74.69,,1.11,35.0,0.02059,8,2.9,2.8,0.57,0.3479,5.0,0.1,1.0,0.5317,4.94,8.895,11.94,5.4,0.1553,0.1555,4.01,51.161,4.03,1.82,19.9,20.1,0.5317,4.94,95.4,74.7,2.24,21.1,0.029,96.01,20.4,0.026,96.01,3.6,20.1,19.8,65.3,78.29,8,0.36,17.86,5.21,7.7,7.4,5.43,7.7,0.65,4.62,4.14,2.12,7.4,93.43,162.88,16.8,1.362,3.77,26.0,5.44,19.6,5.24,5.24,2.0,2.0,11.48,11.47,18.7,18.9,64.0,-67.9,-72.9,0.6312,0.6288,11.42,11.37,19.0,19.7,20.2,22.2,0.28,0.1118,24.0,10.06,19.5,1.73,75.0,10.03,40.0,10.03,30.3,86.23,174.33,0.7,15.3,7.4,40.0,17.0,1699.854298203011,41.229289324496136,0.1100000000000001,40.77576714192668,43.75429339003889,1019.6649672250547,31.93219327301297,0.030000000000000027,31.836396693193933,70.7118562569386
CADB2512 and CAFB2512,95.77,96.72,1.805,2.14,389.0,1.346,1.348,5.46,5.4,6.088,5.37,11.72,11.73,11.58,11.79,5.48,5.44,5.43,5.46,0.9491,52.0,3.91,10.44,7.22,0.8072,7.26,0.1614,52.0,4.0,0.1643,0.1622,51.9,3.46,3.49,87.65,5.42,0.835,5.84,2.891,8.96,0.539,5.79,0.5,7.81,0.985,5.93,1.03,14.0,77.86,122.85,0.2905,13,0.178,3,9.511,5.21,67.424,0.01373,3,1.336,5.37,3.6,3.3,0.74,7.09,0.29,96.01,21.1,0.26,95.95,14.3,6.58,19.9,20.0,9,0.35,9.06,50.84,2210.43,1.98,20.1,19.8,98.36,74.58,,1.11,35.0,0.02059,9,3.0,2.3,0.71,0.3241,5.0,0.1,1.0,0.5319,4.84,9.192,11.94,5.35,0.1562,0.1561,4.0,51.025,4.01,1.75,19.7,19.8,0.5319,4.84,97.08,75.82,2.33,21.7,0.033,96.07,20.0,0.025,96.01,3.6,20.2,19.8,63.58,78.1,9,0.37,16.59,5.12,7.9,7.3,5.37,8.0,1.74,4.48,4.04,2.1,7.5,93.93,157.78,16.4,1.327,3.76,24.0,5.41,19.5,5.24,5.24,2.0,2.0,11.52,11.53,20.7,20.9,40.0,-65.5,-72.8,0.6228,0.61,11.43,11.42,21.1,20.5,20.2,21.8,0.28,0.1099,24.0,10.04,19.6,1.73,75.0,9.95,40.0,9.95,30.3,87.82,167.98,0.83,15.2,7.3,40.0,17.0,1699.854298203011,41.229289324496136,0.1100000000000001,40.77576714192668,43.75429339003889,1019.6649672250547,31.93219327301297,0.030000000000000027,31.836396693193933,70.7118562569386
CADB2513 and CAFB2513,97.4,97.68,1.816,2.11,390.0,1.349,1.345,5.4,5.44,6.145,5.32,11.68,11.69,11.83,11.83,5.41,5.36,5.36,5.37,0.9327,52.0,3.9,11.2,7.3,0.8166,7.35,0.1626,49.9,4.02,0.162,0.1605,51.7,3.51,3.45,87.93,5.45,0.62,6.88,1.973,9.23,0.625,5.52,0.789,6.99,5.567,5.71,1.06,14.0,78.22,122.36,0.2869,13,0.1394,2,9.466,5.27,73.578,0.01317,4,1.333,5.41,3.9,3.4,1.74,7.03,0.29,96.01,21.1,0.26,96.01,13.2,6.55,19.8,19.8,10,0.46,9.89,47.904,2082.78,3.27,20.0,19.8,99.1,69.65,,1.26,35.0,0.01921,10,3.1,2.7,0.71,0.5219,5.0,0.1,1.0,0.5725,4.97,8.873,11.89,5.44,0.1651,0.1651,4.04,48.34,4.04,1.43,20.1,19.8,0.5725,4.97,94.82,70.29,2.22,20.6,0.029,96.01,20.4,0.026,96.01,3.63,19.9,20.1,60.58,74.13,10,0.48,16.03,5.27,8.0,7.2,5.47,7.6,0.71,4.77,4.28,2.13,7.2,93.26,156.44,16.8,1.355,3.78,24.0,5.42,19.4,5.24,5.24,2.0,2.0,11.4,11.42,19.7,19.8,81.0,-64.9,-75.4,0.6311,0.6177,11.43,11.43,19.0,19.1,20.1,22.6,0.25,0.1163,24.0,9.94,19.3,1.73,75.0,10.04,40.0,10.04,30.2,87.13,167.75,0.53,14.5,7.2,40.0,17.0,1821.9677251431544,42.68451387966313,0.26,41.57471651879189,41.31446088759987,1063.0220197418375,32.60401846002786,0.06000000000000005,32.408394349267695,71.6322115729001
CADB2514 and CAFB2514,96.12,97.79,1.791,2.15,380.0,1.348,1.368,5.39,5.4,6.144,5.36,11.81,11.66,11.5,11.8,5.38,5.44,5.42,5.45,0.9338,52.0,3.87,11.29,7.16,0.8179,7.34,0.1608,52.6,3.97,0.1629,0.1614,52.0,3.42,3.4,87.08,5.33,1.35,6.42,2.459,8.57,0.629,6.32,0.96,6.26,1.573,6.16,1.06,14.0,68.85,103.12,0.3084,12,0.1781,3,9.527,5.23,61.237,0.01317,5,1.351,5.37,2.7,2.3,1.76,6.73,0.28,96.01,20.6,0.27,96.01,14.3,6.43,20.0,19.8,11,0.47,7.54,43.94,2197.0,2.53,20.0,19.8,98.1,67.4,,1.26,35.0,0.01921,11,3.2,2.8,0.73,0.3257,5.0,0.1,1.0,0.5255,4.89,8.855,11.9,5.37,0.1614,0.1614,4.07,44.445,4.07,1.68,19.5,20.2,0.5255,4.89,101.04,68.71,2.04,21.5,0.029,96.01,20.4,0.025,96.01,3.55,20.3,19.7,65.95,68.01,11,0.49,17.91,5.2,7.4,6.8,5.45,7.5,0.72,4.77,4.26,2.0,6.8,93.33,149.77,16.8,1.346,3.78,24.0,5.4,19.0,5.36,5.36,2.0,2.0,11.39,11.38,20.4,20.1,62.0,-64.9,-75.4,0.6311,0.6257,11.35,11.37,21.4,21.0,21.0,21.2,0.25,0.1213,22.0,9.99,19.0,1.73,75.0,10.01,40.0,10.01,30.1,87.97,160.48,0.78,15.1,6.9,40.0,17.0,1821.9677251431544,42.68451387966313,0.26,41.57471651879189,41.31446088759987,1063.0220197418375,32.60401846002786,0.06000000000000005,32.408394349267695,71.6322115729001
CADB2515 and CAFB2515,97.61,95.28,1.807,2.15,385.0,1.343,1.343,5.41,5.37,6.024,5.36,11.92,11.76,11.93,11.72,5.3,5.4,5.39,5.41,0.9691,53.2,3.93,11.38,7.26,0.8313,7.35,0.1638,51.9,3.95,0.1596,0.1606,52.0,3.4,3.41,87.82,5.34,2.319,6.52,3.324,8.81,0.49,5.91,0.404,8.64,4.828,6.17,1.06,14.0,75.76,115.7,0.2705,13,0.1778,3,9.482,5.2,67.345,0.01317,6,1.341,5.3,2.7,2.0,1.76,6.86,0.28,96.01,21.5,0.27,95.95,15.5,6.48,20.0,19.9,12,0.48,8.85,46.028,2001.22,1.93,19.5,20.1,98.29,69.87,,1.26,35.0,0.01921,12,2.8,2.7,0.75,0.4846,5.0,0.1,1.0,0.562,4.91,8.918,11.9,5.33,0.1635,0.1635,4.06,46.222,4.06,1.88,19.8,20.0,0.562,4.91,100.4,71.09,2.22,21.1,0.029,96.01,20.6,0.027,96.01,3.6,20.1,19.9,61.2,70.81,12,0.5,15.98,5.15,9.3,7.0,5.4,9.4,0.76,4.66,4.26,1.97,6.7,93.07,152.71,16.8,1.354,3.76,24.0,5.42,19.0,5.24,5.24,2.0,2.0,11.47,11.48,19.0,18.8,67.0,-64.9,-75.4,0.6132,0.6161,11.43,11.39,19.4,19.6,20.5,20.6,0.25,0.1143,22.0,10.0,19.1,1.74,75.0,10.07,40.0,10.07,29.8,87.59,164.09,1.25,14.9,7.0,40.0,17.0,1821.9677251431544,42.68451387966313,0.26,41.57471651879189,41.31446088759987,1063.0220197418375,32.60401846002786,0.06000000000000005,32.408394349267695,71.6322115729001
CADB2516 and CAFB2516,96.18,97.63,1.769,2.17,389.0,1.345,1.341,5.35,5.36,6.037,5.33,11.74,11.85,11.79,11.47,5.42,5.41,5.42,5.42,0.9337,50.4,3.92,11.04,7.31,0.8192,7.17,0.1627,51.3,4.03,0.1597,0.1598,50.8,3.44,3.43,88.03,5.4,0.504,6.26,1.964,9.06,3.599,6.58,0.921,6.99,1.705,6.04,1.06,14.0,74.6,116.76,0.2886,13,0.1773,3,9.534,5.22,67.259,0.01317,7,1.337,5.29,2.6,2.2,1.75,7.03,0.28,96.01,21.3,0.27,96.01,13.6,6.57,20.0,19.8,13,0.53,8.91,46.202,2200.1,1.45,20.1,19.9,101.17,70.04,,1.26,35.0,0.01921,13,2.8,2.4,0.73,0.5157,5.0,0.1,1.0,0.5702,4.88,8.824,11.92,5.35,0.1645,0.1645,4.02,46.373,4.02,1.05,20.2,20.0,0.5702,4.88,97.4,69.23,2.1,21.1,0.029,96.01,20.6,0.025,96.01,3.6,20.1,19.9,60.88,71.09,13,0.55,18.33,5.19,8.1,7.6,5.35,8.1,0.7,4.62,4.28,2.08,7.5,93.61,156.51,16.8,1.357,3.8,24.0,5.5,19.6,5.0,5.0,2.0,2.0,11.53,11.48,18.7,18.8,56.0,-60.9,-75.5,0.5925,0.5646,11.38,11.39,19.0,19.3,20.0,20.8,0.28,0.09845,26.0,10.16,19.6,1.73,75.0,9.97,40.0,9.97,30.0,88.28,167.19,0.67,14.5,7.6,40.0,17.0,1821.9677251431544,42.68451387966313,0.26,41.57471651879189,41.31446088759987,1063.0220197418375,32.60401846002786,0.06000000000000005,32.408394349267695,71.6322115729001
CADB2517 and CAFB2517,95.95,96.07,1.805,2.18,395.0,1.344,1.343,5.38,5.39,6.086,5.35,11.77,11.66,11.81,11.7,5.41,5.41,5.41,5.42,0.9154,50.3,3.9,11.32,7.13,0.8133,7.31,0.1608,52.4,4.01,0.1619,0.1641,52.0,3.42,3.42,87.17,5.33,0.807,6.39,2.281,6.61,0.629,6.52,0.63,6.54,1.069,5.74,1.06,14.0,69.47,106.56,0.32,12,0.1771,3,9.559,5.19,61.345,0.01317,8,1.373,5.25,5.6,2.5,1.74,6.89,0.28,96.01,21.1,0.27,96.01,14.0,6.58,19.8,20.2,14,0.55,9.07,40.946,2155.05,1.23,19.5,19.8,103.88,63.55,,1.26,35.0,0.01921,14,2.8,2.1,0.73,0.4565,5.0,0.1,1.0,0.5502,4.83,8.594,11.87,5.35,0.1664,0.1664,4.13,41.168,4.13,1.42,19.9,20.0,0.5502,4.83,97.09,61.18,1.93,21.5,0.029,96.07,21.3,0.022,96.01,3.15,19.9,19.9,59.13,63.01,14,0.56,18.23,5.17,7.8,7.3,5.38,7.8,0.7,4.7,4.38,2.0,7.5,92.96,153.39,16.8,1.368,3.77,24.0,5.4,19.5,5.36,5.36,2.0,2.0,11.43,11.38,20.9,21.2,61.0,-60.9,-75.5,0.6762,0.6792,11.36,11.36,20.9,21.8,20.6,23.3,0.28,0.1192,23.0,10.2,19.5,1.73,75.0,10.01,40.0,10.01,30.4,86.17,165.01,0.8,14.6,7.4,40.0,17.0,1821.9677251431544,42.68451387966313,0.26,41.57471651879189,41.31446088759987,1063.0220197418375,32.60401846002786,0.06000000000000005,32.408394349267695,71.6322115729001
CADB2518 and CAFB2518,97.13,96.28,1.753,2.22,392.0,1.341,1.333,5.39,5.39,6.122,5.35,11.8,11.74,11.81,11.84,5.41,5.38,5.38,5.42,0.9385,52.0,3.92,11.23,7.3,0.8112,7.07,0.1589,52.0,3.96,0.1625,0.1583,52.0,3.4,3.41,88.31,5.33,0.757,6.89,2.1,8.85,0.748,6.21,0.646,7.74,1.294,5.64,1.06,14.0,71.8,107.46,0.3054,12,0.1777,3,9.568,5.24,61.233,0.01317,9,1.36,5.29,2.5,2.1,1.78,6.72,0.28,96.01,21.5,0.27,96.01,14.9,6.47,19.8,19.5,15,0.56,8.03,42.681,2134.05,1.33,20.0,19.9,98.82,63.51,,1.26,35.0,0.01921,15,2.4,2.2,0.76,0.6065,5.0,0.1,1.0,0.5773,4.94,8.863,11.9,5.4,0.1724,0.1724,4.24,42.872,4.24,1.5,19.6,19.8,0.5773,4.94,98.11,64.27,1.94,21.1,0.029,96.01,20.4,0.026,95.89,3.53,20.0,19.8,60.96,65.51,15,0.58,18.31,5.23,8.0,7.6,5.43,8.0,0.63,4.39,4.12,2.0,7.4,94.33,149.67,16.8,1.379,3.83,26.0,5.42,19.5,5.36,5.36,2.0,2.0,11.48,11.42,19.0,19.1,54.0,-62.1,-75.5,0.6783,0.6788,11.42,11.4,20.5,20.8,20.1,20.7,0.28,0.123,23.0,10.01,19.5,1.74,75.0,10.03,40.0,10.03,30.4,86.79,158.66,1.0,15.0,7.6,40.0,17.0,1821.9677251431544,42.68451387966313,0.26,41.57471651879189,41.31446088759987,1063.0220197418375,32.60401846002786,0.06000000000000005,32.408394349267695,71.6322115729001
CADB2519 and CAFB2519,97.73,95.88,1.823,2.72,397.0,1.359,1.348,5.38,5.39,6.135,5.4,11.69,11.81,11.75,11.76,5.45,5.4,5.44,5.43,0.9621,52.0,3.9,11.4,7.3,0.8269,7.23,0.1569,50.1,4.03,0.1582,0.1581,50.4,3.42,3.37,88.55,5.38,0.99,6.73,1.999,8.67,0.487,6.53,0.664,6.31,0.953,5.82,1.08,14.0,72.33,105.67,0.3067,12,0.1766,3,9.539,5.22,61.87,0.01734,10,1.323,5.37,2.7,2.5,1.76,6.56,0.29,96.0,21.0,0.27,96.0,14.4,6.43,20.0,19.8,1,0.02,9.72,44.55,2121.43,1.3,19.7,19.9,99.95,66.65,,1.2,35.0,0.02279,1,4.3,3.3,0.76,0.2532,5.0,0.1,1.0,0.5003,4.85,9.02,11.87,5.41,0.1574,0.1574,3.99,44.783,3.99,1.48,20.1,19.9,0.5003,4.85,97.53,66.68,1.95,20.3,0.034,96.0,20.2,0.024,96.0,3.55,20.2,19.9,64.7,68.37,1,0.02,18.39,5.21,7.2,7.0,5.4,7.1,0.62,4.22,4.0,2.05,6.8,94.52,146.1,16.8,1.382,3.78,26.0,5.44,18.9,5.36,5.36,2.0,2.0,11.38,11.46,20.2,20.5,90.0,-66.7,-74.6,0.6452,0.6511,11.44,11.39,20.0,19.8,24.7,19.0,0.28,0.121,374.0,10.05,19.0,1.74,75.0,10.04,40.0,10.04,29.8,86.6,154.57,1.0,15.4,7.2,40.0,17.0,1535.7612988152698,39.18879047400251,0.19999999999999996,38.40501466452246,36.565745209887375,807.3817762399077,28.414464208214586,0.08000000000000007,28.187148494548868,53.39826562433252
CADB2520 and CAFB2520,92.09,99.41,1.814,2.14,380.0,1.37,1.294,5.35,5.31,6.224,5.3,11.88,11.82,11.82,11.85,5.47,5.47,5.43,5.47,1.027,51.9,3.87,11.28,7.09,0.8102,7.23,0.1597,50.1,3.9,0.1644,0.1633,51.9,3.35,3.35,89.03,5.4,0.711,6.16,1.919,8.36,0.547,6.19,0.578,6.97,,,1.08,14.0,80.92,125.76,0.288,13,0.1817,3,9.52,5.28,68.052,0.01734,11,1.327,5.37,2.7,2.6,1.75,6.98,0.28,96.0,20.5,0.27,96.0,14.4,6.7,19.9,19.8,2,0.04,9.08,47.286,1970.25,1.87,20.0,19.9,99.81,68.75,,1.2,35.0,0.02279,2,3.1,3.0,0.73,0.3202,5.0,0.1,1.0,0.5409,4.92,9.028,11.84,5.44,0.1573,0.1573,4.05,47.476,4.05,0.92,19.8,19.9,0.5409,4.92,94.64,68.89,2.37,20.4,0.029,96.0,20.2,0.027,96.0,3.7,20.1,19.6,57.88,72.79,2,0.03,17.04,5.24,7.9,7.5,5.47,7.8,0.64,4.7,4.26,2.05,7.3,94.52,155.42,16.8,1.377,3.79,26.0,5.5,19.6,5.24,5.24,2.0,2.0,11.47,11.43,19.2,19.0,57.0,-65.4,-75.0,0.644,0.6456,11.47,11.41,18.9,19.3,19.9,18.8,0.28,0.1149,28.0,10.12,19.6,1.73,75.0,10.04,40.0,10.04,30.2,85.78,164.42,1.0,14.6,7.5,40.0,17.0,1535.7612988152698,39.18879047400251,0.19999999999999996,38.40501466452246,36.565745209887375,807.3817762399077,28.414464208214586,0.08000000000000007,28.187148494548868,53.39826562433252
CADB2521 and CAFB2521,99.05,98.53,1.812,2.16,382.0,1.351,1.355,5.4,5.34,6.117,5.36,11.87,11.93,11.9,12.0,5.41,5.41,5.41,5.41,0.925,50.2,3.86,11.36,7.19,0.8191,7.15,0.1616,51.4,4.0,0.1648,0.1652,50.4,3.45,3.39,88.37,5.46,0.752,6.89,2.869,9.09,0.595,6.39,0.455,6.31,,,1.08,14.0,76.46,117.05,0.29,13,0.1768,3,9.612,5.23,67.895,0.01734,12,1.317,5.38,3.1,2.4,1.74,6.88,0.28,96.0,21.0,0.27,96.0,14.5,6.73,20.0,19.7,3,0.05,8.34,46.755,2226.43,5.85,19.9,19.8,98.47,67.65,,1.2,35.0,0.02279,3,2.6,2.5,0.74,0.3615,5.0,0.1,1.0,0.5333,4.89,9.002,11.84,5.4,0.1577,0.1577,4.14,47.547,4.14,1.3,19.9,19.8,0.5333,4.89,94.32,68.71,2.11,20.9,0.03,96.0,20.4,0.027,96.0,3.62,20.0,19.9,62.23,72.84,3,0.04,18.39,5.21,8.2,7.8,5.42,8.2,0.46,4.68,4.44,2.12,7.5,93.61,153.08,16.8,1.382,3.72,24.0,5.5,19.5,5.12,5.12,2.0,2.0,11.54,11.54,20.8,21.0,59.0,-65.4,-75.0,0.6169,0.6126,11.39,11.37,21.1,21.4,19.6,23.1,0.28,0.1091,25.0,10.05,19.5,1.73,75.0,10.02,46.0,10.02,30.2,84.87,163.54,1.0,15.0,7.8,40.0,17.0,1535.7612988152698,39.18879047400251,0.19999999999999996,38.40501466452246,36.565745209887375,807.3817762399077,28.414464208214586,0.08000000000000007,28.187148494548868,53.39826562433252
CADB2522 and CAFB2522,99.24,98.11,1.83,2.19,391.0,1.349,1.346,5.27,5.48,6.178,5.31,10.75,11.1,10.98,10.85,5.45,5.43,5.44,5.41,0.9438,50.3,4.01,11.43,7.21,0.8149,7.18,0.1627,50.1,3.95,0.162,0.1648,48.8,3.4,3.4,88.02,5.53,0.704,6.49,1.852,9.18,0.57,6.37,0.49,8.71,,,1.08,14.0,69.85,103.63,0.3228,12,0.1764,3,9.502,5.24,62.017,0.01734,13,1.308,5.36,3.1,2.4,1.72,6.66,0.28,96.0,21.0,0.27,96.0,12.3,6.53,19.9,19.4,4,0.06,8.74,43.308,2062.29,1.9,19.7,19.8,99.47,66.13,,1.2,35.0,0.02279,4,2.8,2.5,0.76,0.303,5.0,0.1,1.0,0.5218,4.82,9.115,11.78,5.37,0.1652,0.1652,4.09,43.597,4.09,1.58,19.9,20.0,0.5218,4.82,99.65,66.49,1.92,20.8,0.031,96.0,20.1,0.027,95.8,3.68,19.8,19.7,64.38,66.72,4,0.06,17.45,5.23,7.5,7.5,5.31,7.5,0.7,4.3,4.02,2.2,7.4,91.41,148.36,16.8,1.363,3.8,24.0,5.43,19.6,5.24,5.24,2.0,2.0,11.4,11.51,19.5,20.2,41.0,-62.1,-73.0,0.6497,0.6348,11.38,11.43,19.6,20.1,20.1,21.6,0.28,0.1136,25.0,10.08,19.5,1.75,75.0,9.99,40.0,9.99,30.3,85.74,162.29,0.5,15.3,7.5,40.0,17.0,1535.7612988152698,39.18879047400251,0.19999999999999996,38.40501466452246,36.565745209887375,807.3817762399077,28.414464208214586,0.08000000000000007,28.187148494548868,53.39826562433252
